"Player","Team","Pos","Fantasy Points Pts","Fantasy Points x-Pts","Fantasy Points +/-","Points Per Game PPG","Points Per Game x-PPG","Points Per Game +/-","#G","Receiving Rec","Receiving X-Rec","Receiving Yds","Receiving X-Yds","Receiving TD","Receiving X-TD","Rushing Yds","Rushing X-Yds","Rushing TD","Rushing X-TD"
"Rhamondre Stevenson","NE","RB","147.7","160.8","-13.100000000000023","12.3","13.4","-1.1","12","38","41.78","238","309.95","0","0.624","619","663.872","4","2.99"
"T.J. Hockenson","MIN","TE","221","218.3","2.6999999999999886","14.7","14.6","0.2","15","95","87","960","951.03","5","6.0304","0","0","0","0"
"Charlie Jones","CIN","WR","14.7","15.8","-1.1000000000000014","1.8","2","-0.1","8","7","6.68","64","78.44","0","0.0672","13","8.4378","0","0"
"Nico Collins","HST","WR","258.4","207.9","50.49999999999997","17.2","13.9","3.4","15","80","71.97","1297","950.1","8","6.7296","7","4.7824","0","0.01"
"Zamir White","LV","RB","75.9","87.6","-11.699999999999989","5.1","5.8","-0.8","15","15","14.4","98","101","0","0.4416","451","444.1956","1","2.67"
"Cole Fotheringham","LV","TE","1.6","1.5","0.10000000000000009","0.8","0.8","0.1","2","1","0.87","6","6.11","0","0","0","0","0","0"
"Elijah Higgins","ARZ","TE","36.3","28.6","7.699999999999996","3.3","2.6","0.7","11","14","11.92","163","129.83","1","0.6144","0","0","0","0"
"Elijah Cooks","JAX","WR","6.8","7.3","-0.5","0.8","0.8","-0.1","9","3","2.93","38","32.12","0","0.192","0","0","0","0"
"Damien Harris","BUF","RB","19","20.6","-1.6000000000000014","3.2","3.4","-0.3","6","2","1.7","16","10.06","0","0","94","85.0452","1","1.57"
"Chigoziem Okonkwo","TEN","TE","113.4","134.9","-21.5","6.7","7.9","-1.3","17","54","54.08","528","582.94","1","3.5904","6","7.0168","0","0.05"
"David Montgomery","DET","RB","207.2","184.5","22.69999999999999","14.8","13.2","1.6","14","16","18.73","117","120.79","0","0.1344","1015","877.4948","13","10.85"
"Ian Thomas","CAR","TE","10.6","16.4","-5.799999999999999","0.9","1.4","-0.5","12","5","6.36","56","76.58","0","0.4032","0","0","0","0"
"James Proche II","CLV","WR","0","4.6","-4.6","0","1.5","-1.5","3","0","1.54","0","30.01","0","0.0096","0","0","0","0"
"Puka Nacua","LA","WR","298.5","282.9","15.600000000000023","17.6","16.6","0.9","17","105","104.25","1486","1259.79","6","7.728","89","51.2736","0","0.19"
"Jesper Horsted","LV","TE","1.4","1.5","-0.10000000000000009","0.5","0.5","0","3","1","0.86","4","6.32","0","0","0","0","0","0"
"Marquise Goodwin","CLV","WR","14","27.7","-13.7","1.2","2.3","-1.1","12","4","5.98","67","159.22","0","0.6528","33","16.2484","0","0.05"
"Jakob Johnson","LV","RB","2.2","3.2","-1","0.2","0.2","-0.1","13","1","1.67","12","14.96","0","0.0096","0","0","0","0"
"DeVante Parker","NE","WR","72.4","86.4","-14","5.6","6.6","-1.1","13","33","34.94","394","461.26","0","0.8928","0","0","0","0"
"John Bates","WAS","TE","34.1","48.7","-14.600000000000001","2","2.9","-0.9","17","19","19.75","151","201.63","0","1.4592","0","0","0","0"
"Jaxon Smith-Njigba","SEA","WR","149.8","151.3","-1.5","8.8","8.9","-0.1","17","63","65.7","628","648.49","4","3.456","0","0","0","0"
"Justyn Ross","KC","WR","11.3","17.3","-6","1.1","1.7","-0.6","10","6","7.17","53","87.76","0","0.2208","0","0","0","0"
"Jalin Hyatt","NYG","WR","60.3","72.1","-11.799999999999997","3.5","4.2","-0.7","17","23","22.09","373","425.83","0","1.2384","0","0","0","0"
"Chase Brown","CIN","RB","53.5","45","8.5","4.9","4.1","0.8","11","14","13.48","156","76.62","1","0.1536","179","197.3916","0","0.53"
"J.K. Dobbins","BLT","RB","11.7","9.8","1.8999999999999986","11.7","9.8","1.9","1","2","1.62","15","10.08","0","0.288","22","33.5552","1","0.35"
"Calvin Ridley","JAX","WR","227.9","262.5","-34.599999999999994","13.4","15.4","-2","17","76","78.3","1016","1106.46","8","11.472","23","40.3368","0","0.11"
"Dameon Pierce","HST","RB","76.7","120","-43.3","5.9","9.2","-3.3","13","13","13.94","101","100.15","0","0.2304","416","613.6968","2","5.55"
"James Mitchell","DET","TE","4.8","6.7","-1.9000000000000004","0.3","0.5","-0.1","14","2","2.25","28","19.65","0","0.4224","0","0","0","0"
"Brock Wright","DET","TE","28.1","25.9","2.200000000000003","2","1.8","0.2","14","13","11.63","91","104.66","1","0.5568","0","3.8318","0","0.02"
"Ross Dwelley","SF","TE","2.2","2.1","0.10000000000000009","0.2","0.2","0","12","1","0.85","12","5.24","0","0.1152","0","0","0","0"
"Tommy Tremble","CAR","TE","60.4","55.8","4.600000000000001","3.8","3.5","0.3","16","23","20.98","194","214.51","3","2.2272","0","0","0","0"
"Tutu Atwell","LA","WR","108.4","120.5","-12.099999999999994","6.8","7.5","-0.8","16","39","42.63","483","571.71","3","3.0336","31","22.0206","0","0.05"
"Ty Montgomery","NE","WR","9.9","17.9","-7.999999999999998","1","1.8","-0.8","10","5","7.23","40","77.21","0","0.2496","9","13.8474","0","0.01"
"DJ Moore","CHI","WR","288.5","233.3","55.19999999999999","17","13.7","3.2","17","96","83.79","1364","1085.61","8","6.4992","21","15.7976","1","0.06"
"Cole Turner","WAS","TE","23","27.3","-4.300000000000001","1.9","2.3","-0.4","12","11","10.08","120","97","0","1.2592","0","0","0","0"
"Trenton Irwin","CIN","WR","62.6","66.5","-3.8999999999999986","3.9","4.2","-0.2","16","25","22.16","316","286.47","1","2.6112","0","0","0","0"
"Colton Dowell","TEN","WR","1.3","4.4","-3.1000000000000005","0.1","0.5","-0.3","9","1","1.15","3","20.89","0","0.192","0","0","0","0"
"Tee Higgins","CIN","WR","137.6","142.5","-4.900000000000006","11.5","11.9","-0.4","12","42","45.4","656","660.85","5","5.1744","0","0","0","0"
"Foster Moreau","NO","TE","46.3","44.5","1.7999999999999972","3.1","3","0.1","15","21","19.03","193","182.82","1","1.1904","0","0","0","0"
"Travis Homer","CHI","RB","0","1.5","-1.5","0","0.5","-0.5","3","0","0.96","0","5.25","0","0.0096","0","0","0","0"
"Andrew Beck","HST","RB","34.8","38.9","-4.100000000000001","2.3","2.6","-0.3","15","11","10.42","55","73.08","2","1.9104","3","10.722","1","1.44"
"Damiere Byrd","ATL","WR","0","3.6","-3.6","0","3.6","-3.6","1","0","1.09","0","24.7","0","0","0","0","0","0"
"Jimmy Graham","NO","TE","33.9","21.9","12","2.6","1.7","0.9","13","6","4.42","39","30.46","4","2.4096","0","0","0","0"
"Deven Thompkins","TB","WR","36.9","50.1","-13.200000000000003","2.2","2.9","-0.8","17","17","17.97","83","168.73","1","2.0352","56","26.5678","0","0.07"
"Giovanni Ricci","CAR","TE","1.2","1.5","-0.30000000000000004","0.4","0.5","-0.1","3","1","0.89","2","6.01","0","0","0","0","0","0"
"Michael Wilson","ARZ","WR","112.5","107.4","5.099999999999994","8.7","8.3","0.4","13","38","34.49","565","515.71","3","3.5536","0","0","0","0"
"Odell Beckham Jr.","BLT","WR","109.5","120.9","-11.400000000000006","7.8","8.6","-0.8","14","35","35.96","565","535.69","3","5.224","0","0","0","0"
"Jerick McKinnon","KC","RB","80.2","65.5","14.700000000000003","6.7","5.5","1.2","12","25","26.75","192","185.98","4","1.6224","60","82.6728","1","0.36"
"Kylen Granson","IND","TE","73","83.6","-10.599999999999994","4.9","5.6","-0.7","15","30","32.74","368","373.74","1","2.1792","2","3.8514","0","0"
"D'Wayne Eskridge","SEA","WR","0.5","3.3","-2.8","0.2","1.1","-0.9","3","0","0.58","0","11.25","0","0.096","5","8.8298","0","0.02"
"Nick Westbrook-Ikhine","TEN","WR","83","81.2","1.7999999999999972","5.9","5.8","0.1","14","28","26.32","370","347.34","3","3.3504","0","0","0","0"
"Jalen Guyton","LAC","WR","24.9","42.8","-17.9","3.1","5.3","-2.2","8","10","13.67","89","182.21","1","1.8144","0","0","0","0"
"Chris Godwin","TB","WR","207.2","217","-9.800000000000011","12.2","12.8","-0.6","17","83","80.18","1024","980.66","2","6.2304","38","11.5444","1","0.03"
"Samori Toure","GB","WR","15.8","35.9","-20.099999999999998","1.4","3.3","-1.8","11","8","10.5","78","165.62","0","1.4784","0","0","0","0"
"Curtis Samuel","WAS","WR","157.2","151.1","6.099999999999994","9.8","9.4","0.4","16","62","58.36","613","577.76","4","4.7632","39","24.6082","1","0.65"
"Jaylen Waddle","MIA","WR","198.6","199.6","-1","14.2","14.3","-0.1","14","72","73.2","1014","955.72","4","4.9184","12","13.3966","0","0"
"Zay Jones","JAX","WR","78.1","117.7","-39.60000000000001","8.7","13.1","-4.4","9","34","38.08","321","547.19","2","4.1488","0","0","0","0"
"Drew Sample","CIN","TE","50.3","46","4.299999999999997","3","2.7","0.3","17","22","23.07","163","177.02","2","0.8736","0","0","0","0"
"D.K. Metcalf","SEA","WR","225.4","216.7","8.700000000000017","14.1","13.5","0.5","16","66","65.54","1114","969.57","8","9.0336","0","0","0","0"
"JuJu Smith-Schuster","NE","WR","61","71.3","-10.299999999999997","5.5","6.5","-0.9","11","29","30.99","260","334.16","1","1.1424","0","0","0","0"
"Jordan Mims","NO","RB","0","4.1","-4.1","0","4.1","-4.1","1","0","0.96","0","5","0","0.4416","0","0","0","0"
"Noah Fant","SEA","TE","73.4","71.6","1.8000000000000114","4.3","4.2","0.1","17","32","31.1","414","365.66","0","0.6624","0","0","0","0"
"Dyami Brown","WAS","WR","34.8","48.9","-14.100000000000001","2","2.9","-0.8","17","12","13.17","168","205.83","1","2.4384","0","4.3708","0","0.01"
"Laquon Treadwell","BLT","WR","2.6","4.7","-2.1","0.9","1.6","-0.7","3","1","1.94","16","27.85","0","0","0","0","0","0"
"Luke Musgrave","GB","TE","75.2","76.9","-1.7000000000000028","6.8","7","-0.2","11","34","32.32","352","348.17","1","1.6224","0","0","0","0"
"Keenan Allen","LAC","WR","274.9","258.7","16.19999999999999","21.1","19.9","1.2","13","108","96.86","1243","1191.89","7","7.1056","6","0","0","0"
"Richie James","KC","WR","21.4","21.9","-0.5","2.4","2.4","-0.1","9","10","9.74","114","113.19","0","0.1344","0","0","0","0"
"Matt Breida","NYG","RB","46.9","57","-10.100000000000001","2.8","3.4","-0.6","17","17","16.99","88","121.11","0","0.048","151","233.7888","1","0.71"
"Josiah Deguara","GB","TE","14.5","12.6","1.9000000000000004","1","0.8","0.1","15","8","6.28","65","55.01","0","0.1344","0","0","0","0"
"Grant Calcaterra","PHI","TE","7.9","7","0.9000000000000004","0.6","0.5","0.1","13","4","3.37","39","27.02","0","0.1536","0","0","0","0"
"David Wells","TB","TE","1","3.4","-2.4","0.2","0.7","-0.5","5","2","1.76","-10","13.71","0","0.048","0","0","0","0"
"Jalen Tolbert","DAL","WR","60.8","66.9","-6.1000000000000085","3.6","3.9","-0.4","17","22","20.58","268","292.31","2","2.8512","0","0","0","0"
"Quentin Johnston","LAC","WR","94","121","-27","5.5","7.1","-1.6","17","38","39.37","431","540.45","2","4.3488","9","13.916","0","0.01"
"Kendrick Bourne","NE","WR","102","101.8","0.20000000000000284","12.8","12.7","0","8","37","37.86","406","461.94","4","2.8896","4","4.067","0","0"
"Marvin Jones Jr.","DET","WR","8.4","16.4","-7.999999999999998","1.4","2.7","-1.3","6","5","6.66","34","75.3","0","0.3744","0","0","0","0"
"Deon Jackson","NYG","RB","8","19.8","-11.8","4","9.9","-5.9","2","5","5.43","14","37.12","0","0.0192","16","54.8412","0","0.84"
"Tyler Boyd","CIN","WR","146.8","154.6","-7.799999999999983","8.6","9.1","-0.5","17","67","64.91","667","699.32","2","3.1296","11","8.7808","0","0.01"
"Chase Edmonds","TB","RB","39.7","47.1","-7.399999999999999","3.1","3.6","-0.6","13","14","14.28","81","90.23","0","0.0288","176","215.5706","0","0.34"
"Donald Parham Jr.","LAC","TE","79.5","86.9","-7.400000000000006","5.7","6.2","-0.5","14","27","27.53","285","299.91","4","4.896","0","0","0","0"
"Isaiah Likely","BLT","TE","101.1","67.9","33.19999999999999","5.9","4","2","17","30","26.9","411","262.38","5","2.4672","0","0","0","0"
"Derrick Gore","WAS","RB","2.6","3","-0.3999999999999999","0.5","0.6","-0.1","5","0","0","0","0","0","0","26","12.1422","0","0.29"
"Chris Moore","TEN","WR","68.3","63","5.299999999999997","4","3.7","0.3","17","22","20.84","424","380.98","0","0.5184","39","9.016","0","0"
"Chuba Hubbard","CAR","RB","182.5","204.2","-21.69999999999999","10.7","12","-1.3","17","39","38.63","233","252.45","0","0.24","902","997.3276","5","6.52"
"Jalen Nailor","MIN","WR","5.9","9.9","-4","1.5","2.5","-1","4","3","4.2","29","56.06","0","0.0192","0","0","0","0"
"Ko Kieft","TB","TE","7.2","10.9","-3.7","0.5","0.7","-0.2","16","1","2.59","2","34.45","1","0.8064","0","0","0","0"
"Robbie Chosen","MIA","WR","22.6","12","10.600000000000001","2.5","1.3","1.2","9","4","3.23","126","79.83","1","0.1344","0","0","0","0"
"Ke'Shawn Vaughn","TB","RB","6.4","17.3","-10.9","1.3","3.5","-2.2","5","2","2.3","2","9.73","0","0.0384","42","107.0748","0","0.52"
"Nelson Agholor","BLT","WR","97.1","81.8","15.299999999999997","5.7","4.8","0.9","17","35","30.41","381","354.08","4","2.6592","0","0","0","0"
"Jahan Dotson","WAS","WR","124.8","151","-26.200000000000003","7.3","8.9","-1.5","17","49","52.45","518","637.72","4","5.7888","0","0","0","0"
"Jonathan Williams","WAS","RB","-0.2","1.7","-1.9","-0.2","1.7","-1.9","1","0","0.92","0","1.94","0","0","-2","4.851","0","0.01"
"Keisean Nixon","GB","WR","1.1","0.5","0.6000000000000001","1.1","0.5","0.6","1","0","0","0","0","0","0","11","4.8902","0","0"
"Blake Bell","KC","TE","13.6","17.2","-3.5999999999999996","0.8","1","-0.2","17","5","6.84","26","55.12","1","0.8064","0","0","0","0"
"Dalvin Cook","NYJ","RB","44.2","64","-19.799999999999997","2.9","4.3","-1.3","15","15","17.6","78","119.53","0","0.048","214","293.1082","0","0.81"
"DeAndre Carter","LV","WR","9.7","10.6","-0.9000000000000004","0.6","0.7","-0.1","16","4","4.89","39","35.92","0","0.144","18","11.1622","0","0.03"
"James Conner","ARZ","RB","201.4","181.5","19.900000000000006","15.5","14","1.5","13","27","26.14","165","168.9","2","1.44","1039","877.14","7","7.02"
"Travis Kelce","KC","TE","221.4","218.3","3.0999999999999943","14.8","14.6","0.2","15","93","85.94","984","900.78","5","7.0464","0","0","0","0"
"Darrynton Evans","MIA","RB","30","33.2","-3.200000000000003","5","5.5","-0.5","6","7","8.63","49","51.29","0","0.2208","121","135.1714","1","0.77"
"Blake Gillikin","ARZ","WR","1","0.5","0.5","0.3","0.2","0.2","3","0","0","0","0","0","0","10","4.5472","0","0"
"Nick Bawden","NYJ","RB","11.5","7.9","3.5999999999999996","0.7","0.5","0.2","16","3","2.66","21","16.79","0","0","4","5.2238","1","0.51"
"Roschon Johnson","CHI","RB","101.9","117.6","-15.699999999999989","6.8","7.8","-1","15","34","36.82","209","238.9","0","0.9408","350","343.9408","2","2.81"
"Trevon Wesco","TEN","TE","3.1","3.7","-0.6000000000000001","0.2","0.2","0","15","1","1.64","21","20.21","0","0","0","0","0","0"
"Gerald Everett","LAC","TE","111.1","123","-11.900000000000006","7.4","8.2","-0.8","15","51","52.06","411","444.68","3","4.1856","10","13.2692","0","0"
"D'Ernest Johnson","JAX","RB","34.8","38.5","-3.700000000000003","2","2.3","-0.2","17","10","9.21","140","68.43","0","0.0384","108","172.4898","0","0.83"
"Dalton Kincaid","BUF","TE","152.3","160.4","-8.099999999999994","9.5","10","-0.5","16","73","67.28","673","701.64","2","3.832","0","0","0","0"
"Jashaun Corbin","NYG","RB","4.3","6.2","-1.9000000000000004","4.3","6.2","-1.9","1","3","2.62","12","17.97","0","0.0096","1","1.7738","0","0.25"
"Evan Engram","JAX","TE","234.3","234.5","-0.19999999999998863","13.8","13.8","0","17","114","107.31","963","1019.79","4","4.1952","0","0","0","0"
"David Bell","CLV","WR","48.7","32.4","16.300000000000004","3.2","2.2","1.1","15","14","14.98","167","144.06","3","0.5088","0","0","0","0"
"Emanuel Wilson","GB","RB","14.8","13.6","1.200000000000001","2.1","1.9","0.2","7","4","4.1","23","22.76","0","0.0768","85","62.2006","0","0.09"
"Collin Johnson","CHI","WR","2.1","1.8","0.30000000000000004","0.7","0.6","0.1","3","1","0.78","11","9.89","0","0","0","0","0","0"
"KaVontae Turpin","DAL","WR","59.7","42.3","17.400000000000006","3.7","2.6","1.1","16","12","11.86","127","116.15","3","2.16","110","43.8942","1","0.25"
"Jeff Wilson Jr.","MIA","RB","41.3","48.7","-7.400000000000006","4.1","4.9","-0.7","10","14","13.23","85","100.93","0","0.3264","188","174.6066","0","0.99"
"Miles Boykin","PIT","WR","4.7","5.3","-0.5999999999999996","0.3","0.3","0","16","3","2.79","17","24.9","0","0","0","0","0","0"
"Courtland Sutton","DEN","WR","196.7","164.2","32.5","12.3","10.3","2","16","59","51.93","777","699.84","10","7.0464","0","0","0","0"
"Trayveon Williams","CIN","RB","14.9","19.9","-4.999999999999998","0.9","1.2","-0.3","17","7","7.07","10","35","0","0.2208","69","67.2672","0","0.21"
"Nate Adkins","DEN","TE","6.2","7.6","-1.3999999999999995","0.6","0.8","-0.1","10","4","4.43","22","31.37","0","0","0","0","0","0"
"Austin Trammell","LA","WR","6.9","9.2","-2.299999999999999","0.5","0.7","-0.2","13","4","4.82","29","43.57","0","0","0","0","0","0"
"Raheem Blackshear","CAR","RB","15.1","15.8","-0.7000000000000011","1.5","1.6","-0.1","10","6","5.43","45","34.11","0","0.0384","46","60.3582","0","0.11"
"Jeffery Simmons","TEN","TE","7.2","5.3","1.9000000000000004","1.8","1.3","0.5","4","1","0.76","2","1.52","1","0.7296","0","0","0","0"
"Willie Snead IV","SF","WR","3.4","5.2","-1.8000000000000003","0.8","1.3","-0.5","4","2","2.29","14","22.45","0","0.1152","0","0","0","0"
"Ben Sims","GB","TE","12.1","11.7","0.40000000000000036","0.8","0.7","0","16","4","3.65","21","29.96","1","0.8352","0","0","0","0"
"Mike Williams","LAC","WR","50.2","41.3","8.900000000000006","16.7","13.8","3","3","19","15.7","249","214.7","1","0.6048","3","4.8804","0","0"
"Josh Jacobs","LV","RB","183.1","229.7","-46.599999999999994","14.1","17.7","-3.6","13","37","43.65","296","333.83","0","1.6896","805","969.1624","6","7.61"
"Evan Hull","IND","RB","1.7","2","-0.30000000000000004","1.7","2","-0.3","1","1","0.82","6","6.01","0","0","1","4.0376","0","0.03"
"Samaje Perine","DEN","RB","125.3","118.6","6.700000000000003","7.4","7","0.4","17","50","46.08","455","322.51","0","0.7104","238","219.9708","1","2.34"
"Austin Hooper","LV","TE","48.4","51","-2.6000000000000014","2.8","3","-0.2","17","25","23.71","234","214.07","0","0.9888","0","0","0","0"
"Antonio Gibson","WAS","RB","131.4","122.8","8.600000000000009","8.2","7.7","0.5","16","48","48.8","389","318.11","2","1.3632","265","279.8782","1","1"
"Randall Cobb","NYJ","WR","14.9","30","-15.1","1.4","2.7","-1.4","11","5","11.14","39","121.11","1","1.1328","0","0","0","0"
"MyCole Pruitt","ATL","TE","26","25.2","0.8000000000000007","1.5","1.5","0","17","9","8.01","110","82.33","1","1.488","0","0","0","0"
"Zach Charbonnet","SEA","RB","106.1","128.6","-22.5","6.6","8","-1.4","16","33","34.95","209","226.65","0","0.1344","462","439.3638","1","4.37"
"Devine Ozigbo","DET","RB","2.3","3.2","-0.9000000000000004","1.1","1.6","-0.5","2","1","0.87","8","9.16","0","0","5","12.5832","0","0.02"
"Rodney Williams","PIT","TE","0","2.4","-2.4","0","0.2","-0.2","12","0","1.36","0","10.37","0","0","0","0","0","0"
"Jahmyr Gibbs","DET","RB","244.1","234.3","9.799999999999983","16.3","15.6","0.7","15","52","59.38","316","412.11","1","2.2176","945","757.0998","10","7.45"
"Tyler Scott","CHI","WR","37.9","60","-22.1","2.2","3.5","-1.3","17","17","19.56","168","258.93","0","1.8624","41","31.4482","0","0.03"
"Rico Dowdle","DAL","RB","91.5","88.6","2.9000000000000057","5.7","5.5","0.2","16","17","17.92","144","119.37","2","0.8544","361","364.1496","2","2.87"
"Isaiah Hodgins","NYG","WR","62","56","6","3.6","3.3","0.4","17","21","20.5","230","230.52","3","2.0736","0","0","0","0"
"Rashid Shaheed","NO","WR","151.6","134","17.599999999999994","10.1","8.9","1.2","15","46","44.31","719","622.32","5","3.984","37","32.0558","0","0.05"
"Justin Jefferson","MIN","WR","204.2","186.1","18.099999999999994","20.4","18.6","1.8","10","68","61.11","1074","899.58","5","5.6064","-12","3.038","0","0.18"
"Keith Kirkwood","NO","WR","14.7","18.3","-3.6000000000000014","1.1","1.4","-0.3","13","5","5.28","37","68.11","1","1.0368","0","0","0","0"
"Jerome Ford","CLV","RB","211.2","206.3","4.899999999999977","12.4","12.1","0.3","17","44","50.22","319","355.49","5","1.9008","813","894.8482","4","3.27"
"David Moore","TB","WR","20.4","10","10.399999999999999","2.9","1.4","1.5","7","5","4.56","94","51.86","1","0.0384","0","0","0","0"
"Malik Heath","GB","WR","33.5","46.5","-13","2.6","3.6","-1","13","15","15.41","125","178.62","1","2.1984","0","0","0","0"
"Rachaad White","TB","RB","271.9","272.5","-0.6000000000000227","16","16","0","17","64","60.35","549","402.41","3","2.1408","990","1162.9092","6","7.13"
"Isaiah McKenzie","IND","WR","20.6","21.5","-0.8999999999999986","1.6","1.7","-0.1","13","11","11.21","82","90.62","0","0.0576","14","9.2218","0","0"
"Luke Schoonmaker","DAL","TE","26.5","30.3","-3.8000000000000007","1.6","1.8","-0.2","17","8","9.98","65","99.84","2","1.7184","0","0","0","0"
"Kyle Juszczyk","SF","RB","38.5","38.2","0.29999999999999716","2.3","2.2","0","17","14","12.16","119","103.62","2","1.6416","6","14.8474","0","0.73"
"Jack Stoll","PHI","TE","8.8","13.7","-4.899999999999999","0.5","0.8","-0.3","17","5","6.54","38","52.59","0","0.3168","0","0","0","0"
"Michael Carter","ARZ","RB","58.8","66.3","-7.5","3.9","4.4","-0.5","15","24","25.84","101","185.58","1","0.8928","187","129.2816","0","0.6"
"Kevin Harris","NE","RB","21.3","12.6","8.700000000000001","5.3","3.1","2.2","4","3","2.59","58","19.33","0","0.1248","65","69.1586","1","0.07"
"Michael Mayer","LV","TE","69.4","63.1","6.300000000000004","5","4.5","0.5","14","27","26.04","304","260.01","2","1.8432","0","0","0","0"
"Garrett Wilson","NYJ","WR","217.2","282.4","-65.19999999999999","12.8","16.6","-3.8","17","95","107.09","1042","1375.34","3","5.9904","0","18.4632","0","0"
"Quintin Morris","BUF","TE","10.6","8.8","1.799999999999999","0.7","0.6","0.1","15","2","1.69","26","17.15","1","0.9024","0","0","0","0"
"Rashee Rice","KC","WR","214.5","184.2","30.30000000000001","13.4","11.5","1.9","16","79","75.67","938","683.55","7","6.6336","-3","4.067","0","0"
"Tyler Higbee","LA","TE","108.5","107.4","1.0999999999999943","7.2","7.2","0.1","15","47","47.78","495","475.95","2","1.9968","0","0","0","0"
"Brenton Strange","JAX","TE","14.5","20.9","-6.399999999999999","1","1.5","-0.5","14","5","6.79","35","68.28","1","1.2096","0","0","0","0"
"Amari Cooper","CLV","WR","227","217.3","9.699999999999989","15.1","14.5","0.6","15","72","71.8","1250","1127.05","5","5.4624","0","0","0","0"
"Jameson Williams","DET","WR","80.3","76.5","3.799999999999997","6.7","6.4","0.3","12","24","25.47","354","409.14","2","1.4208","29","11.8188","1","0.07"
"Teagan Quitoriano","HST","TE","5.3","5.3","0","0.8","0.8","0","7","2","2.44","33","27.13","0","0.0288","0","0","0","0"
"Mike Boone","HST","RB","13.3","15.6","-2.299999999999999","1.5","1.7","-0.3","9","7","7.62","40","54.12","0","0.0384","23","20.5604","0","0.04"
"George Pickens","PIT","WR","208.8","177.7","31.100000000000023","12.3","10.5","1.8","17","63","62.57","1140","932.15","5","3.4272","18","13.4456","0","0"
"Chris Evans","CIN","RB","2.1","2.4","-0.2999999999999998","0.3","0.3","0","7","1","0.91","-1","5.16","0","0","12","9.3786","0","0"
"Colby Parkinson","SEA","TE","61.7","56.4","5.300000000000004","3.6","3.3","0.3","17","25","21.33","247","221.17","2","2.16","0","0","0","0"
"Zach Pascal","ARZ","WR","5.9","21.2","-15.299999999999999","0.4","1.5","-1.1","14","4","7.78","19","87.4","0","0.7872","0","0","0","0"
"Kenny Yeboah","NYJ","TE","4.8","5.8","-1","1","1.2","-0.2","5","2","2.96","28","26.56","0","0.0288","0","0","0","0"
"Royce Freeman","LA","RB","46.2","51.4","-5.199999999999996","5.1","5.7","-0.6","9","1","0.89","13","7.72","0","0","319","299.4884","2","3.29"
"Malcolm Rodriguez","DET","RB","1.6","1.8","-0.19999999999999996","0.3","0.3","0","6","1","0.8","6","9.61","0","0","0","0","0","0"
"Marquez Valdes-Scantling","KC","WR","58.5","73.6","-15.099999999999994","3.7","4.6","-0.9","16","21","23.29","315","403.38","1","1.6608","0","0","0","0"
"Dawson Knox","BUF","TE","52.6","68.2","-15.600000000000001","4.4","5.7","-1.3","12","22","25.05","186","261.96","2","2.8224","0","0","0","0"
"David Njoku","CLV","TE","205.2","212.1","-6.900000000000006","12.8","13.3","-0.4","16","81","89.52","882","814.97","6","6.8544","0","0","0","0"
"Jake Ferguson","DAL","TE","177.1","177","0.09999999999999432","10.4","10.4","0","17","71","68.52","761","664.57","5","7.008","0","0","0","0"
"JaMycal Hasty","NE","RB","0","3.1","-3.1","0","1.6","-1.6","2","0","1.11","0","9.8","0","0.1632","0","0","0","0"
"Sean McKeon","DAL","TE","0","4.5","-4.5","0","0.5","-0.5","9","0","1.57","0","12.41","0","0.2784","0","0","0","0"
"Raheem Mostert","MIA","RB","269.7","202.8","66.89999999999998","18","13.5","4.5","15","25","24.47","175","146.95","3","1.5648","1012","852.2798","18","11.51"
"DeAndre Hopkins","TEN","WR","223.6","261.1","-37.50000000000003","13.2","15.4","-2.2","17","75","80.71","1057","1251.41","7","9.0448","9","2.7636","0","0.12"
"Alec Ingold","MIA","RB","24.9","27","-2.1000000000000014","1.5","1.6","-0.1","17","13","12.71","119","107.4","0","0.4608","0","8.134","0","0"
"Christian Kirk","JAX","WR","154.4","140.9","13.5","12.9","11.7","1.1","12","57","53.54","788","697.33","3","2.8704","6","4.459","0","0"
"Mitchell Wilcox","CIN","TE","14.6","15.8","-1.200000000000001","0.9","0.9","-0.1","17","9","8.48","56","63.64","0","0.1536","0","0","0","0"
"Will Mallory","IND","TE","38.7","35.9","2.8000000000000043","3.2","3","0.2","12","18","16.46","207","187.12","0","0.1248","0","0","0","0"
"Hayden Hurst","CAR","TE","42.4","53.9","-11.5","4.7","6","-1.3","9","18","20.51","184","235.38","1","1.6416","0","0","0","0"
"Stephen Sullivan","CAR","TE","24.5","36.8","-12.299999999999997","2.2","3.3","-1.1","11","12","15.09","125","194.87","0","0.3744","0","0","0","0"
"Javonte Williams","DEN","RB","177.2","219.5","-42.30000000000001","11.1","13.7","-2.6","16","47","48.52","228","313.64","2","1.584","774","923.494","3","6.29"
"Tyler Allgeier","ATL","RB","135.6","138.9","-3.3000000000000114","8","8.2","-0.2","17","18","18.69","193","117.61","1","0.3744","683","770.4764","4","4.86"
"Keaton Mitchell","BLT","RB","69.9","39.5","30.400000000000006","10","5.6","4.3","7","9","8.74","93","54.45","0","0.4704","396","205.8294","2","0.32"
"Kenneth Walker III","SEA","RB","198.9","187.2","11.700000000000017","13.3","12.5","0.8","15","29","29.44","259","177.84","1","0.5088","900","900.094","8","7.82"
"Justin Watson","KC","WR","91","103.2","-12.200000000000003","5.7","6.5","-0.8","16","27","27.94","460","529.53","3","3.7248","0","0","0","0"
"Kyle Philips","TEN","WR","33.1","36.5","-3.3999999999999986","3.7","4.1","-0.4","9","15","15.58","181","186.07","0","0.3936","0","0","0","0"
"Cedrick Wilson Jr.","MIA","WR","69.6","70.1","-0.5","4.6","4.7","0","15","22","23.27","296","307.59","3","2.6784","0","0","0","0"
"Aaron Jones","GB","RB","136.2","151.1","-14.900000000000006","12.4","13.7","-1.4","11","30","34.31","233","209.05","1","1.5936","649","580.2882","2","4.72"
"Marquise Brown","ARZ","WR","134.7","167","-32.30000000000001","9.6","11.9","-2.3","14","51","58.06","574","800.97","4","4.648","23","9.2708","0","0"
"Mike Strachan","CAR","WR","5.5","5.2","0.2999999999999998","1.4","1.3","0.1","4","1","1.33","45","37.68","0","0.0096","0","0","0","0"
"D'Onta Foreman","CHI","RB","91.2","93.9","-2.700000000000003","10.1","10.4","-0.3","9","11","12.07","77","86.78","1","0.6048","425","455.515","4","4"
"Pharaoh Brown","NE","TE","39.8","23.1","16.699999999999996","2.3","1.4","1","17","13","10.73","208","123.55","1","0.0096","0","0","0","0"
"Nick Chubb","CLV","RB","23.1","22.2","0.9000000000000021","11.6","11.1","0.5","2","4","3.49","21","28.8","0","0.0576","170","123.0194","0","0.53"
"Brandon Powell","MIN","WR","69.1","78.6","-9.5","4.6","5.2","-0.6","15","29","29.46","324","329.4","1","2.3136","17","21.4424","0","0.03"
"Cooper Kupp","LA","WR","162.4","168.9","-6.5","13.5","14.1","-0.5","12","59","63.34","737","684.85","5","6.0768","-3","4.3512","0","0.03"
"Jason Brownlee","NYJ","WR","16.6","18.7","-2.099999999999998","2.4","2.7","-0.3","7","5","5.58","56","60.83","1","1.1808","0","0","0","0"
"Hunter Henry","NE","TE","119.9","109.3","10.600000000000009","8.6","7.8","0.8","14","42","40.81","419","494.85","6","3.168","0","0","0","0"
"Melvin Gordon III","BLT","RB","21.7","20.4","1.3000000000000007","5.4","5.1","0.3","4","3","2.32","46","23.79","0","0.0096","81","111.083","1","0.75"
"Isiah Pacheco","KC","RB","215.9","214.7","1.200000000000017","15.4","15.3","0.1","14","44","45","244","252.23","2","2.4864","935","841.1858","7","7.58"
"Kyle Pitts","ATL","TE","137.3","148.4","-11.099999999999994","8.1","8.7","-0.7","17","53","54.57","667","787.86","3","2.5152","-4","0","0","0"
"Simi Fehoko","LAC","WR","7.9","4.6","3.3000000000000007","2","1.1","0.8","4","1","1.39","9","16.66","1","0.2496","0","0","0","0"
"Latavius Murray","BUF","RB","82.9","99.6","-16.69999999999999","5.2","6.2","-1","16","17","17.62","119","122.49","0","0.864","300","297.314","4","5.8"
"Emari Demercado","ARZ","RB","73.3","76.4","-3.1000000000000085","5.2","5.5","-0.2","14","21","24.56","119","180.9","0","0.7008","284","254.8392","2","0.67"
"Tank Dell","HST","WR","165","141.1","23.900000000000006","15","12.8","2.2","11","47","44.47","709","676.34","7","3.8016","51","47.0694","0","0.25"
"Jake Bobo","SEA","WR","56.9","43","13.899999999999999","3.3","2.5","0.8","17","19","16.5","196","162.41","2","1.296","3","1.9012","1","0.38"
"Michael Burton","DEN","RB","4.7","8.6","-3.8999999999999995","0.3","0.5","-0.2","17","3","2.15","8","11.38","0","0.4032","9","26.0386","0","0.05"
"DJ Chark Jr.","CAR","WR","117.5","112.7","4.799999999999997","7.8","7.5","0.3","15","35","35.64","525","572.81","5","3.3024","0","0","0","0"
"Josh Oliver","MIN","TE","55.3","53.2","2.0999999999999943","3.3","3.1","0.1","17","22","20.87","213","171.47","2","2.5248","0","0","0","0"
"Allen Lazard","NYJ","WR","60.1","75.8","-15.699999999999996","4.3","5.4","-1.1","14","23","28.85","311","407.07","1","1.0368","0","0","0","0"
"Jaleel McLaughlin","DEN","RB","106","96.5","9.5","6.2","5.7","0.6","17","31","32.98","160","158.49","2","1.1136","410","326.34","1","1.39"
"Gary Brightwell","NYG","RB","11.6","12.3","-0.7000000000000011","2.9","3.1","-0.2","4","5","5.15","47","29.39","0","0.0096","19","40.278","0","0.02"
"Terrace Marshall Jr.","CAR","WR","32.9","47.6","-14.700000000000003","3.7","5.3","-1.6","9","19","21.26","139","241.59","0","0.3552","0","0","0","0"
"KhaDarel Hodge","ATL","WR","37.2","42.5","-5.299999999999997","2.2","2.5","-0.3","17","14","14.35","232","232.03","0","0.4896","0","2.3912","0","0.29"
"Patrick Ricard","BLT","RB","16.2","14.5","1.6999999999999993","1","0.9","0.1","17","5","4.88","52","38.26","1","0.9696","0","0","0","0"
"Julian Hill","MIA","TE","10.8","15.5","-4.699999999999999","0.7","1","-0.3","15","6","6.27","48","53.58","0","0.6432","0","0","0","0"
"Jalen Reagor","NE","WR","22.5","39","-16.5","2.3","3.9","-1.6","10","7","12.16","138","210","0","0.8928","17","4.4884","0","0"
"Pat Freiermuth","PIT","TE","74.8","78.8","-4","6.2","6.6","-0.3","12","32","31.36","308","331.06","2","2.3808","0","0","0","0"
"Kayshon Boutte","NE","WR","3.9","12.4","-8.5","0.8","2.5","-1.7","5","2","3.32","19","56.1","0","0.576","0","0","0","0"
"Kareem Hunt","CLV","RB","118.5","126.2","-7.700000000000003","7.9","8.4","-0.5","15","15","18.78","84","124.76","0","0.2688","411","528.0942","9","6.76"
"Lil'Jordan Humphrey","DEN","WR","47.2","42.2","5","2.8","2.5","0.3","17","13","13.72","162","159.06","3","2.1024","0","0","0","0"
"Jerry Jeudy","DEN","WR","141.8","160.2","-18.399999999999977","8.9","10","-1.1","16","54","53.79","758","756.93","2","5.1168","0","0","0","0"
"Noah Brown","HST","WR","101.6","105.2","-3.6000000000000085","10.2","10.5","-0.4","10","33","33.99","567","491.11","2","3.6864","-1","0","0","0"
"Jauan Jennings","SF","WR","51.5","46.6","4.899999999999999","4","3.6","0.4","13","19","18.8","265","238.19","1","0.6624","0","0","0","0"
"Andrei Iosivas","CIN","WR","50.6","50.4","0.20000000000000284","3.2","3.1","0","16","15","16.2","116","170.76","4","2.8608","0","0","0","0"
"Diontae Johnson","PIT","WR","152.7","156.6","-3.9000000000000057","11.7","12","-0.3","13","51","53.46","717","746.6","5","4.7424","0","0","0","0"
"Juwan Johnson","NO","TE","97.8","96.6","1.2000000000000028","7.5","7.4","0.1","13","37","38.88","368","416.97","4","2.6688","0","0","0","0"
"Robert Tonyan","CHI","TE","22.2","32.7","-10.500000000000004","1.3","1.9","-0.6","17","11","12.1","112","145.25","0","1.008","0","0","0","0"
"River Cracraft","MIA","WR","27.1","30","-2.8999999999999986","2.7","3","-0.3","10","9","8.28","121","83.67","1","2.2176","0","0","0","0"
"Braxton Berrios","MIA","WR","57.9","58","-0.10000000000000142","3.6","3.6","0","16","27","24.29","238","245.43","1","1.4496","11","4.8608","0","0"
"Darnell Washington","PIT","TE","13.1","13.7","-0.5999999999999996","0.8","0.8","0","17","7","7.32","61","56.49","0","0.1152","0","0","0","0"
"K.J. Osborn","MIN","WR","120","141.4","-21.400000000000006","7.5","8.8","-1.3","16","48","50.88","540","611.29","3","4.896","0","0","0","0"
"Alexander Mattison","MIN","RB","137.2","187.8","-50.60000000000002","8.6","11.7","-3.2","16","30","35.38","192","244.3","3","3.0816","700","771.9668","0","5.39"
"Calvin Austin III","PIT","WR","52.7","52.4","0.30000000000000426","3.1","3.1","0","17","17","18.22","180","266.21","1","0.2016","57","49.392","1","0.23"
"Kenyan Drake","GB","RB","5.1","5.6","-0.5","1.7","1.9","-0.2","3","2","2.73","31","18.96","0","0","0","8.5652","0","0.02"
"Jordan Addison","MIN","WR","221.3","198","23.30000000000001","13","11.6","1.4","17","70","64.32","911","872.98","10","7.6224","2","3.6652","0","0.04"
"Keith Smith","ATL","RB","6.3","6.2","0.09999999999999964","0.5","0.5","0","13","3","2.35","33","26.88","0","0.2016","0","0","0","0"
"Ben Skowronek","LA","WR","21.5","25.1","-3.6000000000000014","1.3","1.5","-0.2","17","8","8.59","66","88.97","1","1.1232","9","8.5554","0","0"
"La'Mical Perine","KC","RB","14","20.6","-6.600000000000001","2.8","4.1","-1.3","5","3","3.51","33","24.51","0","0","77","94.0118","0","0.88"
"Trent Sherfield","BUF","WR","25.6","42.5","-16.9","1.5","2.5","-1","17","11","15.27","86","186.07","1","1.4304","0","0","0","0"
"Chris Conley","SF","WR","9.9","10.8","-0.9000000000000004","1.2","1.4","-0.1","8","3","3","69","47.15","0","0.5088","0","0","0","0"
"Hunter Renfrow","LV","WR","50.5","59.7","-9.200000000000003","3","3.5","-0.5","17","25","27.85","255","269.23","0","0.816","0","0","0","0"
"Christian McCaffrey","SF","RB","395.3","328.7","66.60000000000002","24.7","20.5","4.2","16","67","64.1","564","472.51","7","5.4528","1459","1093.8392","14","12.54"
"Devin Singletary","HST","RB","163.1","188.1","-25","9.6","11.1","-1.5","17","30","31.96","193","227.92","0","0.6144","898","919.084","4","6.3"
"Erik Ezukanma","MIA","WR","2.2","5.6","-3.3999999999999995","1.1","2.8","-1.7","2","0","0.78","0","8.02","0","0.0192","22","13.5534","0","0.43"
"Connor Heyward","PIT","TE","39.7","53.8","-14.099999999999994","2.3","3.2","-0.8","17","23","24.44","167","226.16","0","1.056","0","4.067","0","0"
"Charlie Kolar","BLT","TE","21.7","17.3","4.399999999999999","1.6","1.2","0.3","14","7","6.15","87","75.94","1","0.5856","0","0","0","0"
"Tre Tucker","LV","WR","71.8","69.9","1.8999999999999915","4.5","4.4","0.1","16","19","19.14","331","332.95","2","2.112","77","43.6982","0","0.07"
"Deebo Samuel","SF","WR","243.7","181.7","62","16.2","12.1","4.1","15","60","62.7","892","659.85","7","5.4048","225","128.5862","5","1.29"
"Clyde Edwards-Helaire","KC","RB","70.1","79.3","-9.200000000000003","4.7","5.3","-0.6","15","17","18.84","188","93.61","1","1.4304","223","300.8608","1","2.08"
"Brevin Jordan","HST","TE","50.9","37","13.899999999999999","3.9","2.8","1.1","13","17","15.45","219","151.53","2","1.0656","0","0","0","0"
"Logan Thomas","WAS","TE","128.8","133.1","-4.299999999999983","8.1","8.3","-0.3","16","55","53.88","496","539.19","4","4.1472","2","4.067","0","0"
"Noah Gray","KC","TE","70.6","70","0.5999999999999943","4.2","4.1","0","17","28","28.13","305","302.87","2","1.6416","1","1.96","0","0.25"
"Tim Jones","JAX","WR","19.3","24.7","-5.399999999999999","1.1","1.5","-0.3","17","11","11.32","83","117.95","0","0.2592","0","0","0","0"
"Brandon Bolden","LV","RB","9.1","4.1","5","4.5","2","2.5","2","0","0","0","0","0","0","31","12.9164","1","0.46"
"Nick Muse","MIN","TE","3.2","2.2","1","3.2","2.2","1","1","1","0.76","22","13.38","0","0.0096","0","0","0","0"
"Amon-Ra St. Brown","DET","WR","332.9","284.3","48.599999999999966","20.8","17.8","3","16","119","111.58","1515","1270.46","10","7.2672","24","16.0426","0","0.07"
"Davis Allen","LA","TE","25.5","20.4","5.100000000000001","1.7","1.4","0.3","15","10","9.19","95","76.16","1","0.5952","0","0","0","0"
"Zonovan Knight","DET","RB","3.1","2.8","0.30000000000000027","1.6","1.4","0.2","2","1","0.93","8","4.24","0","0","13","13.7984","0","0.01"
"Najee Harris","PIT","RB","197.5","207","-9.5","11.6","12.2","-0.6","17","29","28.91","170","196.39","0","0.9024","1035","1078.8832","8","7.52"
"Skyy Moore","KC","WR","53.7","67","-13.299999999999997","3.8","4.8","-0.9","14","21","23.96","244","272.01","1","2.3712","23","13.328","0","0.04"
"Cade Otton","TB","TE","116.6","122","-5.400000000000006","6.9","7.2","-0.3","17","47","47.75","456","488.87","4","4.2336","0","0","0","0"
"Jakobi Meyers","LV","WR","214.1","191.5","22.599999999999994","13.4","12","1.4","16","71","69.83","807","844.13","8","6.0096","24","9.1826","2","0.05"
"Patrick Taylor","GB","RB","30","45.1","-15.100000000000001","2.7","4.1","-1.4","11","11","14.44","49","88.94","0","0.6048","141","134.652","0","0.78"
"Tyjae Spears","TEN","RB","153.7","155.6","-1.9000000000000057","9","9.2","-0.1","17","52","55.86","385","365.35","1","1.4112","452","437.5994","2","1.83"
"Tyreek Hill","MIA","WR","378.4","330.4","48","23.6","20.6","3","16","119","112.16","1799","1514.75","13","10.6384","15","27.538","0","0.03"
"Alvin Kamara","NO","RB","227","253","-26","17.5","19.5","-2","13","75","74.15","466","526.41","1","1.4304","694","743.8996","5","7.21"
"Mason Kinsey","TEN","WR","1.6","1.5","0.10000000000000009","0.3","0.3","0","6","1","0.95","6","5.31","0","0","0","0","0","0"
"Lucas Krull","DEN","TE","23.5","27.8","-4.300000000000001","3.4","4","-0.6","7","8","8.75","95","105.27","1","1.4208","0","0","0","0"
"Bo Melton","GB","WR","45.9","42.9","3","9.2","8.6","0.6","5","16","14.09","218","196.16","1","1.296","21","12.6812","0","0.03"
"Reggie Gilliam","BUF","RB","1.3","1.6","-0.30000000000000004","0.1","0.1","0","16","1","0.87","3","7.09","0","0","0","0","0","0"
"Hunter Luepke","DAL","RB","12.7","10.7","2","0.7","0.6","0.1","17","3","2.55","18","19.52","0","0","19","19.796","1","0.71"
"DeVonta Smith","PHI","WR","229.6","199","30.599999999999994","14.3","12.4","1.9","16","81","71.47","1066","971","7","5.0688","0","0","0","0"
"C.J. Uzomah","NYJ","TE","19.8","27.1","-7.300000000000001","1.7","2.3","-0.6","12","8","8.97","58","88.88","1","1.536","0","0","0","0"
"Sam LaPorta","DET","TE","235.3","213.8","21.5","13.8","12.6","1.3","17","86","83.44","889","892.97","10","6.7504","4","4.2238","0","0.02"
"Khari Blasingame","CHI","RB","5.8","13.2","-7.3999999999999995","0.4","0.8","-0.5","16","3","5","2","35.23","0","0.1248","26","34.0158","0","0.09"
"Gunner Olszewski","NYG","WR","1","1.5","-0.5","0.2","0.3","-0.1","6","1","0.89","0","6.5","0","0","0","0","0","0"
"James Cook","BUF","RB","236.8","226","10.800000000000011","13.9","13.3","0.6","17","44","42.99","446","338.17","4","2.2656","1122","1023.7868","2","5.54"
"Leonard Fournette","BUF","RB","4","9.8","-5.800000000000001","2","4.9","-2.9","2","0","0","0","0","0","0","40","45.5998","0","0.87"
"AJ Dillon","GB","RB","117.6","152.7","-35.099999999999994","7.8","10.2","-2.3","15","22","22.17","223","157.14","0","0.336","613","724.6916","2","6.72"
"Kyren Williams","LA","RB","257","243.3","13.699999999999989","21.4","20.3","1.1","12","32","39.47","206","250.45","3","3.6592","1144","923.7198","12","10.74"
"Darnell Mooney","CHI","WR","78.9","96.8","-17.89999999999999","5.3","6.5","-1.2","15","31","35.35","414","437.79","1","2.8704","5","4.6648","0","0"
"Geoff Swaim","ARZ","TE","19.4","19","0.3999999999999986","1.4","1.4","0","14","10","8.39","94","85.02","0","0.3552","0","0","0","0"
"Steven Sims","HST","WR","5.6","4.8","0.7999999999999998","1.9","1.6","0.3","3","3","2.69","25","16.37","0","0","1","4.2728","0","0"
"Brandon Johnson","DEN","WR","71.4","57.3","14.100000000000009","5.5","4.4","1.1","13","19","17.73","284","227.91","4","2.8032","0","0","0","0"
"Stefon Diggs","BUF","WR","273.8","280.9","-7.099999999999966","16.1","16.5","-0.4","17","107","105.73","1183","1339.97","8","6.6432","5","2.4598","0","0.18"
"Chris Brooks","MIA","RB","10.6","10.6","0","2.6","2.6","0","4","0","0","0","0","0","0","106","83.5842","0","0.38"
"D'Andre Swift","PHI","RB","201.3","218.1","-16.799999999999983","12.6","13.6","-1","16","39","39.43","214","270.8","1","1.0272","1049","960.9488","5","8.22"
"Demario Douglas","NE","WR","109.2","132.8","-23.60000000000001","7.8","9.5","-1.7","14","49","54.34","561","596.71","0","2.5248","41","36.2502","0","0.01"
"John Metchie III","HST","WR","32.2","60.2","-28","2","3.8","-1.8","16","16","21.4","158","251.55","0","2.1616","4","3.6064","0","0.06"
"Zach Ertz","ARZ","TE","51.7","76.5","-24.799999999999997","7.4","10.9","-3.5","7","27","29.95","187","310.65","1","2.5824","0","0","0","0"
"Josh Whyle","TEN","TE","24.4","33.9","-9.5","2.2","3.1","-0.9","11","9","9.92","94","116.77","1","2.0448","0","0","0","0"
"Jonathan Mingo","CAR","WR","84.8","134.6","-49.8","5.7","9","-3.3","15","43","54.23","418","690.22","0","1.8912","0","0","0","0"
"Ezekiel Elliott","NE","RB","176.6","194","-17.400000000000006","10.4","11.4","-1","17","51","52.6","313","352.94","2","0.768","643","787.136","3","3.8"
"Darius Slayton","NYG","WR","150.9","126.2","24.700000000000003","8.9","7.4","1.5","17","50","49.17","769","694.16","4","1.2768","0","0","0","0"
"Dalton Schultz","HST","TE","152.5","158.9","-6.400000000000006","10.2","10.6","-0.4","15","59","59.53","635","672.43","5","5.3568","0","0","0","0"
"Equanimeous St. Brown","CHI","WR","11.2","10.6","0.5999999999999996","1.6","1.5","0.1","7","5","4.45","62","57.16","0","0.0672","0","0","0","0"
"Cole Kmet","CHI","TE","181.1","172.1","9","10.7","10.1","0.5","17","73","64.56","719","656.77","6","6.5088","2","9.6236","0","0.3"
"Jordan Akins","CLV","TE","28.2","31.6","-3.400000000000002","1.7","1.9","-0.2","17","15","15.34","132","152.48","0","0.1728","0","0","0","0"
"D.J. Montgomery","IND","WR","14.6","13.2","1.4000000000000004","2.1","1.9","0.2","7","3","3.82","56","48.98","1","0.7392","0","0","0","0"
"Amari Rodgers","IND","WR","0","3.8","-3.8","0","1.3","-1.3","3","0","1.18","0","25.96","0","0","0","0","0","0"
"Mack Hollins","ATL","WR","43.1","49.7","-6.600000000000001","3.3","3.8","-0.5","13","18","17.61","251","258.26","0","1.0464","0","0","0","0"
"Romeo Doubs","GB","WR","173.3","175.9","-2.5999999999999943","10.2","10.3","-0.2","17","59","56.36","674","755","8","7.3344","-11","0","0","0"
"Keaontay Ingram","KC","RB","14","23.8","-9.8","2","3.4","-1.4","7","4","3.61","26","24.58","0","0.0096","74","158.9168","0","0.29"
"Tyler Johnson","LA","WR","8.8","6.2","2.6000000000000005","8.8","6.2","2.6","1","2","1.94","8","17.17","1","0.432","0","0","0","0"
"Saquon Barkley","NYG","RB","225.2","230.7","-5.5","16.1","16.5","-0.4","14","41","46.19","280","330.1","4","1.7568","962","1033.078","6","6.28"
"Cam Akers","MIN","RB","46.7","55.6","-8.899999999999999","6.7","7.9","-1.3","7","11","10.31","70","69.13","0","0.288","167","260.5726","2","1.76"
"Elijah Moore","CLV","WR","136.1","183","-46.900000000000006","8","10.8","-2.8","17","59","65.03","640","862.32","2","4.56","11","40.4152","0","0.05"
"Donovan Peoples-Jones","DET","WR","28.5","44.2","-15.700000000000003","1.9","2.9","-1","15","13","16.4","155","233.27","0","0.7392","0","0","0","0"
"Olamide Zaccheaus","PHI","WR","38.4","33.9","4.5","2.3","2","0.3","17","10","11.18","164","138.16","2","1.488","0","0","0","0"
"Michael Thomas","NO","WR","89.8","111.7","-21.900000000000006","9","11.2","-2.2","10","39","39.91","448","497.7","1","3.6672","0","0","0","0"
"CeeDee Lamb","DAL","WR","405.2","356.2","49","23.8","21","2.9","17","135","119.67","1749","1437.33","12","13.8912","113","54.1254","2","0.67"
"Christian Watson","GB","WR","101.3","118.8","-17.5","11.3","13.2","-1.9","9","28","29.53","422","452.03","5","7.008","11","18.424","0","0.03"
"Gus Edwards","BLT","RB","189","167.8","21.19999999999999","11.1","9.9","1.2","17","12","10.1","180","91.24","0","0.0192","810","790.853","13","11.56"
"Mecole Hardman Jr.","KC","WR","27.7","36.4","-8.7","2.8","3.6","-0.9","10","15","16.95","124","158.57","0","0.5088","3","4.8314","0","0.01"
"Ray-Ray McCloud III","SF","WR","28.5","26.6","1.8999999999999986","2.6","2.4","0.2","11","12","11.47","135","116.35","0","0.3648","30","12.6322","0","0"
"Craig Reynolds","DET","RB","33.6","36.4","-2.799999999999997","2.1","2.3","-0.2","16","5","5.49","47","34.5","0","0.0096","179","172.3624","1","1.69"
"Rondale Moore","ARZ","WR","105","109.7","-4.700000000000003","6.2","6.5","-0.3","17","40","45.14","352","428.31","1","1.7952","178","102.8118","1","0.12"
"Van Jefferson","ATL","WR","41.3","75.9","-34.60000000000001","2.4","4.5","-2","17","20","24.67","209","415.67","0","1.5264","4","4.851","0","0"
"Alex Armah","WAS","RB","4.3","4.8","-0.5","0.6","0.7","-0.1","7","3","2.79","13","15.1","0","0.0864","0","0","0","0"
"Tyquan Thornton","NE","WR","27.2","36.7","-9.500000000000004","3","4.1","-1.1","9","13","14.59","91","178.06","0","0.4704","51","12.5636","0","0.04"
"Tanner Hudson","CIN","TE","80.2","76.3","3.9000000000000057","6.7","6.4","0.3","12","39","36.37","352","360.68","1","0.6432","0","0","0","0"
"Trey Sermon","IND","RB","20.3","26.1","-5.800000000000001","1.7","2.2","-0.5","12","3","5.12","13","44.47","0","0","160","149.9498","0","0.25"
"John FitzPatrick","ATL","TE","2.2","1.8","0.40000000000000013","0.6","0.5","0.1","4","1","0.87","12","9.15","0","0","0","0","0","0"
"Britain Covey","PHI","WR","8.2","12.1","-3.9000000000000004","1","1.5","-0.5","8","4","4.36","42","47.26","0","0.4992","0","0","0","0"
"Trent Taylor","CHI","WR","-0.2","1.2","-1.4","0","0.1","-0.1","14","0","0.5","0","2.44","0","0","-2","4.5472","0","0"
"Jonathan Taylor","IND","RB","156.4","143.1","13.300000000000011","15.6","14.3","1.3","10","19","19.97","153","121.81","1","0.912","741","693.4504","7","6.03"
"Wan'Dale Robinson","NYG","WR","133.2","124.8","8.399999999999991","8.9","8.3","0.6","15","60","57.52","525","557.27","1","1.1808","87","40.9444","1","0.06"
"Payne Durham","TB","TE","10.8","12.8","-2","0.8","1","-0.2","13","5","4.52","58","54.7","0","0.4608","0","0","0","0"
"Irv Smith Jr.","CIN","TE","35.5","45.7","-10.200000000000003","3","3.8","-0.9","12","18","19.28","115","164.8","1","1.6608","0","0","0","0"
"Sterling Shepard","NYG","WR","22.3","41.2","-18.900000000000002","1.5","2.7","-1.3","15","10","14.42","57","134.98","1","2.2192","6","0","0","0"
"Velus Jones Jr.","CHI","WR","11.1","15.5","-4.4","0.9","1.2","-0.3","13","4","4.42","20","53.51","0","0.3168","51","36.9656","0","0.03"
"Peyton Hendershot","DAL","TE","7.8","17.4","-9.599999999999998","1","2.2","-1.2","8","4","4.55","38","41.24","0","0.9408","0","1","0","0.49"
"Robert Woods","HST","WR","89.3","125","-35.7","6.4","8.9","-2.6","14","40","46.51","426","579.47","1","3.3408","7","4.802","0","0"
"Mike Gesicki","NE","TE","65.3","75.6","-10.299999999999997","3.8","4.4","-0.6","17","29","28.29","243","319.69","2","2.5632","0","0","0","0"
"Darren Waller","NYG","TE","113.2","119.5","-6.299999999999997","9.4","10","-0.5","12","52","51.03","552","591.03","1","1.5552","0","0","0","0"
"Boston Scott","PHI","RB","17.8","20.5","-2.6999999999999993","1.6","1.9","-0.2","11","4","4.76","52","44.12","0","0.0096","86","86.0048","0","0.45"
"Taysom Hill","NO","TE","138.2","132.5","5.699999999999989","8.6","8.3","0.4","16","33","28.81","291","262.53","2","1.9584","401","301.4692","4","5.92"
"George Kittle","SF","TE","203.2","159.1","44.099999999999994","12.7","9.9","2.8","16","65","59.27","1020","737.64","6","4.272","2","4.067","0","0"
"Juwann Winfree","IND","WR","0","2","-2","0","0.5","-0.5","4","0","0.61","0","14.03","0","0","0","0","0","0"
"Lawrence Cager","NYG","TE","13.6","12","1.5999999999999996","1.5","1.3","0.2","9","4","3.81","36","32.82","1","0.8256","0","0","0","0"
"Mike Evans","TB","WR","282.5","249.3","33.19999999999999","16.6","14.7","2","17","79","73.74","1255","1102.57","13","10.8896","0","0","0","0"
"Laviska Shenault Jr.","CAR","WR","21.5","20.9","0.6000000000000014","2.7","2.6","0.1","8","10","9.17","60","54.19","0","0.0384","55","41.797","0","0.31"
"Charlie Woerner","SF","TE","6.2","5.1","1.1000000000000005","0.4","0.3","0.1","17","3","2.44","32","21.34","0","0.0864","0","0","0","0"
"Jayden Reed","GB","WR","215.2","177.4","37.79999999999998","13.4","11.1","2.4","16","64","61.35","793","729.77","8","6.2608","119","48.51","2","0.11"
"Kevin Rader","TEN","TE","1.6","7.4","-5.800000000000001","0.1","0.5","-0.4","14","1","2.17","6","24.16","0","0.4704","0","0","0","0"
"Austin Ekeler","LAC","RB","193.8","233.8","-40","13.8","16.7","-2.9","14","51","58.89","436","365.46","1","2.4672","632","735.806","5","8.33"
"Tyler Lockett","SEA","WR","198.4","212.3","-13.900000000000006","11.7","12.5","-0.8","17","79","73.66","894","981.96","5","6.7392","0","0","0","0"
"Rashod Bateman","BLT","WR","76.5","99.6","-23.099999999999994","4.8","6.2","-1.4","16","32","33.1","367","513.34","1","2.4384","18","5.0078","0","0"
"Tyrion Davis-Price","SF","RB","2.1","2.9","-0.7999999999999998","2.1","2.9","-0.8","1","0","0","0","0","0","0","21","27.44","0","0.02"
"Will Dissly","SEA","TE","40.2","31.8","8.400000000000002","2.5","2","0.5","16","17","15.21","172","134.25","1","0.528","0","0","0","0"
"Tucker Kraft","GB","TE","78.5","67.3","11.200000000000003","4.6","4","0.7","17","31","29.94","355","280.38","2","1.5552","0","0","0","0"
"Xavier Gipson","NYJ","WR","56.7","68.9","-12.200000000000003","3.8","4.6","-0.8","15","21","24.34","229","285.58","0","1.8816","68","34.9566","1","0.2"
"Derius Davis","LAC","WR","31.7","33.9","-2.1999999999999993","2","2.1","-0.1","16","15","15.33","66","88.06","0","0.576","101","54.5762","0","0.14"
"Jalen Brooks","DAL","WR","12.4","8.5","3.9000000000000004","1.8","1.2","0.6","7","6","4.28","64","39.98","0","0.0288","0","0","0","0"
"Eric Gray","NYG","RB","13","19.3","-6.300000000000001","1.9","2.8","-0.9","7","6","6.11","22","39.5","0","0.048","48","73.451","0","0.26"
"Keelan Doss","LAC","WR","9.3","21.3","-12","1.9","4.3","-2.4","5","6","7.72","33","80.41","0","0.9312","0","0","0","0"
"Ty Johnson","BUF","RB","32.4","27.9","4.5","4","3.5","0.6","8","7","5.99","62","42.57","1","0.4032","132","124.6658","0","0.46"
"Alec Pierce","IND","WR","95.4","118.7","-23.299999999999997","5.6","7","-1.4","17","32","37.32","514","615.45","2","3.3024","0","0","0","0"
"Byron Pringle","WAS","WR","30.1","35.7","-5.600000000000001","1.9","2.2","-0.4","16","14","13.27","161","203.27","0","0.3552","0","0","0","0"
"Trey McBride","ARZ","TE","181.5","187.7","-6.199999999999989","10.7","11","-0.4","17","81","77.65","825","806.13","3","4.8992","0","0","0","0"
"Chris Manhertz","DEN","TE","3.6","6.8","-3.1999999999999997","0.2","0.4","-0.2","16","2","2.13","16","21.09","0","0.4224","0","0","0","0"
"Ameer Abdullah","LV","RB","41","47.3","-6.299999999999997","2.4","2.8","-0.4","17","19","18.69","131","164.35","0","0.9024","89","65.0524","0","0.04"
"Andrew Ogletree","IND","TE","35.7","36.7","-1","3","3.1","-0.1","12","9","12.22","147","154.18","2","1.5168","0","0","0","0"
"Albert Okwuegbunam","PHI","TE","0","1","-1","0","0.3","-0.3","4","0","0.49","0","5.07","0","0","0","0","0","0"
"Durham Smythe","MIA","TE","71.6","72.3","-0.7000000000000028","4.5","4.5","0","16","35","30.46","366","344.97","0","1.2288","0","0","0","0"
"Gabe Davis","BUF","WR","161.4","157.4","4","9.5","9.3","0.2","17","45","44.37","746","688.93","7","7.2768","-2","4.8706","0","0"
"De'Von Achane","MIA","RB","193.7","127","66.69999999999999","17.6","11.5","6.1","11","28","30.82","193","208.48","3","1.9296","804","423.5168","8","3.57"
"Jordan Mason","SF","RB","44.7","28.9","15.800000000000004","4.1","2.6","1.4","11","3","3.29","31","30.69","0","0.0192","206","173.0974","3","0.86"
"Salvon Ahmed","MIA","RB","42.9","49.5","-6.600000000000001","5.4","6.2","-0.8","8","16","16.91","88","112.22","1","1.2192","61","90.9244","1","0.82"
"Rakim Jarrett","TB","WR","10","12.5","-2.5","1","1.3","-0.3","10","4","4.05","60","70.18","0","0.1632","0","4.6844","0","0"
"Jaylen Warren","PIT","RB","200.4","192.9","7.5","11.8","11.3","0.4","17","61","63.55","370","385.5","0","1.1904","784","637.118","4","3.32"
"Adam Trautman","DEN","TE","60.4","78.7","-18.300000000000004","3.6","4.6","-1.1","17","22","24.06","204","240.13","3","5.0976","0","0","0","0"
"Sean Tucker","TB","RB","5.2","10.3","-5.1000000000000005","1.3","2.6","-1.3","4","2","1.79","9","13.98","0","0","23","68.4726","0","0.04"
"Joshua Palmer","LAC","WR","109","106.3","2.700000000000003","10.9","10.6","0.3","10","38","36.97","584","496.88","2","3.2736","6","0","0","0"
"Ronnie Bell","SF","WR","30.8","25.9","4.900000000000002","2.1","1.7","0.3","15","6","7.09","68","97.26","3","1.5072","0","0","0","0"
"Chris Olave","NO","WR","229.3","250.7","-21.399999999999977","14.3","15.7","-1.3","16","87","86.62","1123","1243.02","5","6.624","0","0","0","0"
"Scott Miller","ATL","WR","39.1","31.2","7.900000000000002","2.3","1.8","0.5","17","11","10.27","161","130.99","2","1.3056","0","0","0","0"
"Israel Abanikanda","NYJ","RB","18.3","26.3","-8","3.1","4.4","-1.3","6","7","8.8","43","67.04","0","0.0096","70","96.7162","0","0.18"
"Kenneth Gainwell","PHI","RB","96.7","106.6","-9.899999999999991","6","6.7","-0.6","16","30","29.48","183","223.58","0","0.2016","364","341.8436","2","3.22"
"Isaiah Spiller","LAC","RB","19","29.6","-10.600000000000001","2.1","3.3","-1.2","9","6","5.27","34","30.3","0","0.2016","96","160.8376","0","0.66"
"Devin Duvernay","BLT","WR","7.3","17.1","-9.8","0.7","1.6","-0.9","11","4","6.24","18","69.53","0","0.336","15","17.4342","0","0.03"
"James Robinson","GB","RB","1","2","-1","1","2","-1","1","1","0.93","-2","5.92","0","0.0096","2","4.606","0","0"
"Tyler Goodson","IND","RB","18.1","22.8","-4.699999999999999","3","3.8","-0.8","6","6","7.54","34","41.3","0","0.6336","87","53.3512","0","0.33"
"Rashaad Penny","PHI","RB","4.8","6.6","-1.7999999999999998","1.6","2.2","-0.6","3","1","0.88","5","6.56","0","0","33","49.3136","0","0.03"
"Elijah Dotson","LAC","RB","3.9","4.9","-1.0000000000000004","1.3","1.6","-0.3","3","2","1.8","13","12.75","0","0","6","15.5134","0","0.05"
"Trishton Jackson","MIN","WR","2.9","6.4","-3.5000000000000004","0.5","1.1","-0.6","6","2","2.67","9","20.91","0","0.2784","0","0","0","0"
"Jason Cabinda","DET","RB","0","0.4","-0.4","0","0.1","-0.1","4","0","0","0","0","0","0","0","4.067","0","0"
"Tyler Conklin","NYJ","TE","123.2","141.6","-18.39999999999999","7.2","8.3","-1.1","17","61","57.96","622","630.43","0","3.3696","0","3.4594","0","0.01"
"Khalil Herbert","CHI","RB","112.5","115.6","-3.0999999999999943","9.4","9.6","-0.3","12","20","21.06","134","154.5","1","1.488","611","575.9758","2","2.1"
"Eric Saubert","HST","TE","4.2","5.2","-1","0.5","0.7","-0.1","8","3","2.57","12","25.56","0","0.0096","0","0","0","0"
"Xavier Hutchinson","HST","WR","21.9","33.3","-11.399999999999999","1.6","2.4","-0.8","14","8","10.82","90","154.23","0","0.4608","49","19.3942","0","0.4"
"Tylan Wallace","BLT","WR","2.1","3.5","-1.4","0.2","0.4","-0.2","9","1","1.31","11","17.5","0","0.0768","0","0","0","0"
"Deonte Harty","BUF","WR","36","37.6","-1.6000000000000014","2.3","2.4","-0.1","16","15","14.3","150","159.13","1","0.7296","0","16.121","0","0.24"
"Julio Jones","PHI","WR","36.4","32.4","4","3.3","2.9","0.4","11","11","12.41","74","125.42","3","1.248","0","0","0","0"
"Alex Erickson","LAC","WR","45.7","46","-0.29999999999999716","5.7","5.8","0","8","16","16.81","237","243.06","1","0.8064","0","0","0","0"
"Kadarius Toney","KC","WR","53","69.9","-16.900000000000006","4.1","5.4","-1.3","13","27","29.95","169","249.92","1","1.4112","31","44.4038","0","0.35"
"Greg Dortch","ARZ","WR","64.6","64","0.5999999999999943","5","4.9","0","13","24","26.03","281","316.08","2","0.9792","5","4.8804","0","0"
"Jamaal Williams","NO","RB","60.8","86.8","-26","4.7","6.7","-2","13","18","16.8","62","105.13","0","0.2208","306","445.3516","1","2.27"
"Anthony McFarland Jr.","PIT","RB","3.1","4.1","-0.9999999999999996","1.6","2","-0.5","2","2","1.58","11","8.36","0","0.2784","0","0","0","0"
"Zay Flowers","BLT","WR","204.4","188.9","15.5","12.8","11.8","1","16","77","72.82","858","820.39","5","4.8768","56","34.5352","1","0.22"
"Kendre Miller","NO","RB","43.3","37.7","5.599999999999994","5.4","4.7","0.7","8","10","9.66","117","63.22","0","0.0384","156","180.2906","1","0.57"
"Jamal Agnew","JAX","WR","42.3","36","6.299999999999997","3.8","3.3","0.6","11","14","13.18","225","183.09","1","0.3744","-2","16.6796","0","0.1"
"Marcedes Lewis","CHI","TE","12.9","11.1","1.8000000000000007","0.8","0.7","0.1","17","4","3.98","29","28.44","1","0.72","0","0","0","0"
"Trey Palmer","TB","WR","97.7","116","-18.299999999999997","5.7","6.8","-1.1","17","39","42.32","385","547.98","3","2.9088","22","13.9944","0","0.01"
"Tucker Fisk","ATL","TE","1.9","1.8","0.09999999999999987","0.3","0.3","0","6","1","0.83","9","9.63","0","0","0","0","0","0"
"Darrell Henderson","LA","RB","43.5","55.7","-12.200000000000003","10.9","13.9","-3.1","4","10","11.77","103","70.32","0","0.9216","112","192.8358","2","2.02"
"C.J. Ham","MIN","RB","10.2","16.4","-6.199999999999999","0.6","1","-0.4","17","7","8.53","25","69.26","0","0.0768","7","4.8804","0","0"
"Travis Etienne Jr.","JAX","RB","278.4","258.6","19.799999999999955","16.4","15.2","1.2","17","58","59.02","476","404.9","1","0.624","1008","1116.2126","11","7.28"
"Johnny Mundt","MIN","TE","40.2","37.3","2.9000000000000057","2.4","2.2","0.2","17","17","16.36","172","154.48","1","0.912","0","0","0","0"
"Derrick Henry","TEN","RB","238.1","222.9","15.199999999999989","14","13.1","0.9","17","28","27.48","214","175.93","0","0.6336","1167","1192.4766","12","9.13"
"Bijan Robinson","ATL","RB","251.6","248.4","3.1999999999999886","14.8","14.6","0.2","17","58","68.41","487","440.1","4","3.4464","969","921.1514","4","3.87"
"Dallas Goedert","PHI","TE","136.3","132.9","3.4000000000000057","9.7","9.5","0.2","14","59","59.23","592","574.81","3","2.6976","1","0","0","0"
"Damien Williams","ARZ","RB","7.5","7.9","-0.40000000000000036","2.5","2.6","-0.1","3","2","1.69","12","12","0","0","43","48.9216","0","0.02"
"Josh Reynolds","DET","WR","130.8","127.6","3.200000000000017","7.7","7.5","0.2","17","40","40.13","608","548.92","5","5.424","0","0","0","0"
"Stone Smartt","LAC","TE","32.5","35.5","-3","2","2.2","-0.2","16","11","12.1","155","153.81","1","1.3344","0","0","0","0"
"Malik Taylor","NYJ","WR","3.3","7.4","-4.1000000000000005","1.1","2.5","-1.4","3","2","2.15","13","43.2","0","0.1632","0","0","0","0"
"Kalif Raymond","DET","WR","97.4","82.5","14.900000000000006","5.7","4.9","0.9","17","35","31.56","489","385.29","1","1.536","75","27.4302","0","0.07"
"Michael Pittman Jr.","IND","WR","248.2","258.3","-10.100000000000023","15.5","16.1","-0.6","16","109","103.68","1152","1167.55","4","6.3168","0","0","0","0"
"Ronnie Rivers","LA","RB","20.1","22.3","-2.1999999999999993","2.9","3.2","-0.3","7","5","4.58","22","23.1","0","0.048","129","143.5406","0","0.13"
"Luke Farrell","JAX","TE","28.5","27.5","1","1.7","1.6","0.1","17","13","11.77","155","120.2","0","0.624","0","0","0","0"
"Lynn Bowden","NO","WR","22.5","26.8","-4.300000000000001","1.5","1.8","-0.3","15","11","11.98","83","115.52","0","0.1632","32","20.8642","0","0.04"
"Brian Robinson","WAS","RB","199.9","171.2","28.700000000000017","13.3","11.4","1.9","15","36","34.51","367","206.16","4","1.824","732","750.2794","5","5.02"
"Ja'Marr Chase","CIN","WR","263","255.5","7.5","16.4","16","0.5","16","100","96.74","1216","1093.82","7","7.9984","-6","14.063","0","0"
"Dare Ogunbowale","HST","RB","7.3","12.8","-5.500000000000001","0.9","1.6","-0.7","8","2","4.85","18","41.04","0","0","35","33.1828","0","0.08"
"Justice Hill","BLT","RB","111.3","111.4","-0.10000000000000853","7","7","0","16","28","30.19","206","209.51","1","0.5376","387","341.942","3","3.81"
"Jonathan Ward","TEN","RB","1.1","1.5","-0.3999999999999999","0.3","0.4","-0.1","4","0","0","0","0","0","0","11","14.3766","0","0.01"
"Michael Gallup","DAL","WR","87.8","96.3","-8.5","5.2","5.7","-0.5","17","34","35.72","418","453.47","2","2.5344","0","0","0","0"
"Tony Pollard","DAL","RB","222.6","275.8","-53.20000000000002","13.1","16.2","-3.1","17","55","54.51","311","361.49","0","2.9472","1005","1016.8492","6","10.96"
"Kwamie Lassiter II","CIN","WR","1.2","1.4","-0.19999999999999996","1.2","1.4","-0.2","1","1","0.92","2","5.2","0","0","0","0","0","0"
"Daniel Bellinger","NYG","TE","50.6","41.9","8.700000000000003","3","2.5","0.5","17","25","21.01","256","194.05","0","0.2496","0","0","0","0"
"Terry McLaurin","WAS","WR","203.2","224.2","-21","12","13.2","-1.2","17","79","81.84","1002","1105.17","4","5.2992","0","0","0","0"
"Brandin Cooks","DAL","WR","172.2","169.5","2.6999999999999886","10.8","10.6","0.2","16","55","50.15","660","691.52","8","7.9488","32","16.366","0","0.15"
"Deuce Vaughn","DAL","RB","15","24","-9","2.5","4","-1.5","6","7","6.2","40","40.96","0","0.0096","40","100.254","0","0.6"
"Jeremy Ruckert","NYJ","TE","31.1","34.8","-3.6999999999999957","2.1","2.3","-0.2","15","16","15.78","151","176.02","0","0.2304","0","0","0","0"
"Ty Chandler","MIN","RB","101","97","4","7.2","6.9","0.3","14","21","21.24","159","134.62","0","0.72","461","444.2344","3","2.26"
"Jonnu Smith","ATL","TE","126.2","127.8","-1.5999999999999943","7.4","7.5","-0.1","17","50","51.03","582","528.35","3","3.4752","0","1","0","0.49"
"Greg Dulcich","DEN","TE","5.5","6.3","-0.7999999999999998","2.8","3.1","-0.4","2","3","3.04","25","31.06","0","0.0192","0","0","0","0"
"Joshua Kelley","LAC","RB","63.7","76.5","-12.799999999999997","3.7","4.5","-0.8","17","8","9.02","32","54.45","0","0.1248","405","457.239","2","2.6"
"Brycen Hopkins","LA","TE","12.8","12.2","0.6000000000000014","0.9","0.8","0","15","5","4.95","78","56.52","0","0.2688","0","0","0","0"
"Antoine Green","DET","WR","1.2","2.9","-1.7","0.1","0.3","-0.2","9","1","1.31","2","10.88","0","0.0864","0","0","0","0"
"Demarcus Robinson","LA","WR","89.4","79.9","9.5","6.9","6.1","0.7","13","26","23.2","371","324.54","4","3.9648","23","4.704","0","0"
"Chase Claypool","MIA","WR","21.7","33.2","-11.500000000000004","2.2","3.3","-1.2","10","8","11.71","77","150.36","1","1.0752","0","0","0","0"
"Mo Alie-Cox","IND","TE","47.1","38.2","8.899999999999999","2.8","2.2","0.5","17","13","13.36","161","165.8","3","1.3728","0","0","0","0"
"Miles Sanders","CAR","RB","91.6","131.5","-39.900000000000006","5.7","8.2","-2.5","16","27","32.28","154","232.42","0","0.5376","432","561.5114","1","2.76"
"Allen Robinson II","PIT","WR","62","79","-17","3.6","4.6","-1","17","34","32.24","280","353.78","0","1.9008","0","0","0","0"
"Ihmir Smith-Marsette","CAR","WR","26.5","19.3","7.199999999999999","2.2","1.6","0.6","12","8","8.48","51","63.97","0","0.0672","74","33.5454","1","0.11"
"Adam Prentice","NO","RB","4.4","5.2","-0.7999999999999998","0.3","0.4","-0.1","13","2","2.4","12","19.37","0","0","12","7.8596","0","0.01"
"Jake Funk","IND","RB","3.2","2.5","0.7000000000000002","3.2","2.5","0.7","1","1","0.88","12","6.09","0","0","10","9.7314","0","0"
"Parker Washington","JAX","WR","41.2","35.3","5.900000000000006","4.6","3.9","0.7","9","16","13.5","132","139.55","2","1.3152","0","0","0","0"
"Dontayvion Wicks","GB","WR","121.1","108.5","12.599999999999994","8.1","7.2","0.8","15","39","38.59","580","511.67","4","3.0336","1","4.4492","0","0.01"
"Cody Thompson","SEA","WR","2","1.5","0.5","0.3","0.3","0.1","6","1","0.73","10","7.75","0","0","0","0","0","0"
"Kene Nwangwu","MIN","RB","1.3","2.3","-0.9999999999999998","0.4","0.8","-0.3","3","0","0","0","0","0","0","13","23.3142","0","0"
"Quez Watkins","PHI","WR","35.2","35","0.20000000000000284","3.9","3.9","0","9","15","13.29","142","160.31","1","0.9408","0","0","0","0"
"Davante Adams","LV","WR","265.4","308.6","-43.200000000000045","15.6","18.2","-2.5","17","103","108.63","1144","1395.1","8","10.0704","0","0","0","0"
"Breece Hall","NYJ","RB","288.4","256.8","31.599999999999966","17","15.1","1.9","17","76","77.8","591","546.61","4","1.2768","993","971.866","5","3.25"
"Nick Vannett","LAC","TE","1.3","1.6","-0.30000000000000004","0.2","0.2","0","8","1","0.85","3","7.29","0","0","0","0","0","0"
"Drake London","ATL","WR","171.5","187","-15.5","10.7","11.7","-1","16","69","65.93","905","899.17","2","5.184","0","0","0","0"
"Zack Moss","IND","RB","167.5","176.5","-9","12","12.6","-0.6","14","27","29.99","192","211.06","2","1.248","793","758.883","5","7"
"DeeJay Dallas","SEA","RB","12.2","15.3","-3.1000000000000014","1.1","1.4","-0.3","11","6","6.14","26","42.6","0","0.0096","36","42.2282","0","0.11"
"Adam Thielen","CAR","WR","229","244.7","-15.699999999999989","13.5","14.4","-0.9","17","103","97.45","1014","1109.35","4","6.0576","6","0","0","0"
"Parris Campbell","NYG","WR","30.4","44.3","-13.899999999999999","2.8","4","-1.3","11","20","21.23","104","175.51","0","0.912","0","0","0","0"
"Zach Evans","LA","RB","1.9","4.4","-2.5000000000000004","0.5","1.1","-0.6","4","0","0","0","0","0","0","19","40.8072","0","0.05"
"Shedrick Jackson","CIN","WR","0","2.1","-2.1","0","2.1","-2.1","1","0","0.39","0","12.09","0","0.0864","0","0","0","0"
"Marvin Mims Jr.","DEN","WR","68.7","59.7","9","4.3","3.7","0.6","16","22","20.02","377","271.62","1","1.3824","30","35.7994","0","0.11"
"Cordarrelle Patterson","ATL","RB","36.8","47","-10.200000000000003","2.6","3.4","-0.7","14","9","8.88","38","49.94","1","0.384","180","210.5338","0","1.63"
"Harrison Bryant","CLV","TE","39.9","45.4","-5.5","2.3","2.7","-0.3","17","13","14.85","81","135.36","3","2.496","8","18.8356","0","0.03"
"Pierre Strong Jr.","CLV","RB","44.8","45.7","-0.9000000000000057","3.2","3.3","-0.1","14","5","6.58","47","38.83","0","0.0192","291","275.9786","1","1.26"
"Chris Rodriguez Jr.","WAS","RB","39.9","35.8","4.100000000000001","4.4","4","0.5","9","2","1.86","12","12.12","0","0","247","212.8474","2","1.91"
"Joe Mixon","CIN","RB","265","281.2","-16.19999999999999","15.6","16.5","-1","17","52","54.37","376","305.71","3","2.6976","1034","1045.4582","9","12.58"
"A.T. Perry","NO","WR","60.6","39","21.6","6.1","3.9","2.2","10","12","9.8","246","170.15","4","2.0256","0","0","0","0"
"Jamison Crowder","WAS","WR","37.9","33.1","4.799999999999997","3.2","2.8","0.4","12","16","14.46","159","142.45","1","0.7296","0","0","0","0"
"Tony Jones Jr.","ARZ","RB","32.2","34.7","-2.5","4.6","5","-0.4","7","7","7.86","37","47.31","0","0.432","95","102.4394","2","1.54"
"Josh Downs","IND","WR","157.1","163.2","-6.099999999999994","9.2","9.6","-0.4","17","68","67.67","771","737.18","2","3.6384","0","0","0","0"
"Tank Bigsby","JAX","RB","26.8","38.1","-11.3","1.7","2.4","-0.7","16","1","3.56","6","23.94","0","0.0864","132","204.419","2","1.87"
"Phillip Dorsett","DEN","WR","0","4.5","-4.5","0","2.3","-2.3","2","0","1.26","0","31.5","0","0.0096","0","0","0","0"
"Cedric Tillman","CLV","WR","44.2","77.2","-33","3.2","5.5","-2.4","14","21","25.82","224","345.83","0","2.7168","8","4.7432","0","0"
"Mark Andrews","BLT","TE","135.4","123.5","11.900000000000006","13.5","12.3","1.2","10","45","43.01","544","477.33","6","5.3856","0","2.695","0","0.03"
"Treylon Burks","TEN","WR","39.9","56","-16.1","3.6","5.1","-1.5","11","16","17.7","221","308.04","0","0.912","18","17.542","0","0.04"
"A.J. Brown","PHI","WR","293.6","279.6","14","17.3","16.4","0.8","17","106","96.65","1456","1294.15","7","8.9184","0","0","0","0"
"Elijah Mitchell","SF","RB","47.5","71.3","-23.799999999999997","4.3","6.5","-2.2","11","6","7.26","14","43.61","0","0.48","281","305.1336","2","4.38"
"Khalil Shakir","BUF","WR","113.2","76.4","36.8","6.7","4.5","2.2","17","39","31.62","611","365.06","2","1.3824","11","0","0","0"
"Brandon Aiyuk","SF","WR","251.2","190","61.19999999999999","15.7","11.9","3.8","16","75","62.58","1342","1003.05","7","4.5216","0","0","0","0"