,,,Passing,,,,Rushing,,,,Receiving,,,,Kick Ret,,Punt Ret,
Name,Team,Pos,YDS,TD,INT,YPA,ATT,YDS,AVG,TD,REC,YDS,AVG,TD,YDS,TD,YDS,TD
Israel Abanikanda,NYJ,RB,0,0,0,0.0,59,246,4.2,2,9,68,7.6,0,0,0,0,0
Ameer Abdullah,LV,RB,0,0,0,0.0,11,46,4.2,0,9,68,7.6,0,0,0,0,0
De'Von Achane,MIA,RB,0,0,0,0.0,199,975,4.9,8,40,319,8.0,2,0,0,0,0
Davante Adams,LV,WR,0,0,0,0.0,1,5,5.0,0,89,1083,12.2,7,0,0,0,0
Jordan Addison,MIN,WR,0,0,0,0.0,3,19,6.3,0,73,1012,13.9,6,0,0,0,0
Nelson Agholor,BAL,WR,0,0,0,0.0,1,4,4.0,0,13,167,12.8,1,0,0,0,0
Jamal Agnew,FA,WR,0,0,0,0.0,5,26,5.2,0,11,151,13.7,1,366,0,303,0
Salvon Ahmed,MIA,RB,0,0,0,0.0,15,63,4.2,0,9,64,7.1,0,0,0,0,0
Brandon Aiyuk,SF,WR,0,0,0,0.0,1,5,5.0,0,76,1113,14.6,7,0,0,0,0
Cam Akers,FA,RB,0,0,0,0.0,44,172,3.9,1,3,23,7.7,0,0,0,0,0
Jordan Akins,CLE,TE,0,0,0,0.0,0,0,0.0,0,8,80,10.0,1,0,0,0,0
Rasheen Ali,FA,RB,0,0,0,0.0,31,127,4.1,1,6,43,7.2,0,0,0,0,0
Mo Alie-Cox,IND,TE,0,0,0,0.0,0,0,0.0,0,10,107,10.7,1,0,0,0,0
Josh Allen,BUF,QB,4221,32,14,7.4,108,551,5.1,9,0,0,0.0,0,0,0,0,0
Keenan Allen,LAC,WR,0,0,0,0.0,2,10,5.0,0,86,984,11.4,7,0,0,0,0
Kyle Allen,FA,QB,186,1,1,6.6,3,13,4.3,0,0,0,0.0,0,0,0,0,0
Davis Allen,LAR,TE,0,0,0,0.0,0,0,0.0,0,13,132,10.2,1,0,0,0,0
Braelon Allen,FA,RB,0,0,0,0.0,62,253,4.1,2,7,51,7.3,0,0,0,0,0
Tyler Allgeier,ATL,RB,0,0,0,0.0,133,559,4.2,4,18,131,7.3,1,0,0,0,0
Matt Ammendola,FA,K,0,0,0,0.0,0,0,0.0,0,0,0,0.0,0,0,0,0,0
Mark Andrews,BAL,TE,0,0,0,0.0,0,0,0.0,0,68,864,12.7,7,0,0,0,0
Tutu Atwell,LAR,WR,0,0,0,0.0,3,17,5.7,0,19,242,12.7,1,0,0,0,0
Brandon Aubrey,DAL,K,0,0,0,0.0,0,0,0.0,0,0,0,0.0,0,0,0,0,0
Calvin Austin,PIT,WR,0,0,0,0.0,7,42,6.0,0,23,247,10.7,1,458,0,249,0
Michael Badgley,DET,K,0,0,0,0.0,0,0,0.0,0,0,0,0.0,0,0,0,0,0
Tyson Bagent,CHI,QB,188,1,1,6.5,6,29,4.8,0,0,0,0.0,0,0,0,0,0
Emani Bailey,FA,RB,0,0,0,0.0,29,121,4.2,1,4,30,7.5,0,0,0,0,0
Javon Baker,FA,WR,0,0,0,0.0,2,12,6.0,0,22,268,12.2,2,0,0,0,0
Saquon Barkley,PHI,RB,0,0,0,0.0,261,1157,4.4,7,44,331,7.5,2,0,0,0,0
AJ Barner,FA,TE,0,0,0,0.0,0,0,0.0,0,14,150,10.7,1,0,0,0,0
Tyler Bass,BUF,K,0,0,0,0.0,0,0,0.0,0,0,0,0.0,0,0,0,0,0
Rashod Bateman,BAL,WR,0,0,0,0.0,1,5,5.0,0,42,532,12.7,3,0,0,0,0
John Bates,WAS,TE,0,0,0,0.0,0,0,0.0,0,5,51,10.2,0,0,0,0,0
C.J. Beathard,JAX,QB,186,1,1,6.6,4,15,3.8,0,0,0,0.0,0,0,0,0,0
Odell Beckham,FA,WR,0,0,0,0.0,1,5,5.0,0,26,325,12.5,2,0,0,0,0
David Bell,CLE,WR,0,0,0,0.0,1,5,5.0,0,19,197,10.4,1,0,0,0,0
Jaheim Bell,FA,TE,0,0,0,0.0,0,0,0.0,0,23,253,11.0,2,0,0,0,0
Ronnie Bell,SF,WR,0,0,0,0.0,1,5,5.0,0,15,192,12.8,1,0,0,0,0
Daniel Bellinger,NYG,TE,0,0,0,0.0,0,0,0.0,0,13,138,10.6,1,0,0,0,0
Stetson Bennett,LAR,QB,92,1,0,7.1,3,13,4.3,0,0,0,0.0,0,0,0,0,0
Trey Benson,FA,RB,0,0,0,0.0,124,519,4.2,4,20,145,7.3,1,0,0,0,0
Braxton Berrios,FA,WR,0,0,0,0.0,2,12,6.0,0,21,213,10.1,1,412,0,258,0
Tank Bigsby,JAX,RB,0,0,0,0.0,62,260,4.2,2,9,65,7.2,0,92,0,0,0
Raheem Blackshear,CAR,RB,0,0,0,0.0,13,55,4.2,0,9,68,7.6,0,321,0,9,0
Rodrigo Blankenship,FA,K,0,0,0,0.0,0,0,0.0,0,0,0,0.0,0,0,0,0,0
Jake Bobo,SEA,WR,0,0,0,0.0,1,5,5.0,0,25,307,12.3,2,0,0,0,0
Brandon Bolden,FA,RB,0,0,0,0.0,4,17,4.3,0,1,6,6.0,0,0,0,0,0
Chris Boswell,PIT,K,0,0,0,0.0,0,0,0.0,0,0,0,0.0,0,0,0,0,0
Kendrick Bourne,NE,WR,0,0,0,0.0,2,12,6.0,0,39,493,12.6,3,0,0,0,0
Kayshon Boutte,NE,WR,0,0,0,0.0,2,10,5.0,0,26,325,12.5,2,0,0,0,0
Brock Bowers,FA,TE,0,0,0,0.0,0,0,0.0,0,61,690,11.3,5,0,0,0,0
Tyler Boyd,FA,WR,0,0,0,0.0,2,9,4.5,0,54,561,10.4,3,0,0,0,0
Matt Breida,FA,RB,0,0,0,0.0,19,80,4.2,1,3,23,7.7,0,0,0,0,0
Teddy Bridgewater,FA,QB,212,1,1,7.1,3,13,4.3,0,0,0,0.0,0,0,0,0,0
Jacoby Brissett,NE,QB,855,5,3,7.1,8,34,4.3,1,0,0,0.0,0,0,0,0,0
Jonathon Brooks,FA,RB,0,0,0,0.0,149,639,4.3,5,20,148,7.4,1,0,0,0,0
Chase Brown,CIN,RB,0,0,0,0.0,117,494,4.2,4,32,241,7.5,1,0,0,0,0
Dyami Brown,WAS,WR,0,0,0,0.0,1,4,4.0,0,14,175,12.5,1,0,0,0,0
Noah Brown,HOU,WR,0,0,0,0.0,1,5,5.0,0,33,451,13.7,3,0,0,0,0
Pharaoh Brown,SEA,TE,0,0,0,0.0,0,0,0.0,0,7,73,10.4,1,0,0,0,0
A.J. Brown,PHI,WR,0,0,0,0.0,1,6,6.0,0,89,1351,15.2,8,0,0,0,0
Marquise Brown,FA,WR,0,0,0,0.0,3,14,4.7,0,57,698,12.2,5,0,0,0,0
Jake Browning,CIN,QB,433,3,2,7.0,8,34,4.3,0,0,0,0.0,0,0,0,0,0
Jason Brownlee,NYJ,WR,0,0,0,0.0,1,4,4.0,0,15,184,12.3,1,0,0,0,0
Harrison Bryant,LV,TE,0,0,0,0.0,0,0,0.0,0,15,153,10.2,1,0,0,0,0
Randy Bullock,FA,K,0,0,0,0.0,0,0,0.0,0,0,0,0.0,0,0,0,0,0
Treylon Burks,TEN,WR,0,0,0,0.0,6,34,5.7,0,42,540,12.9,4,0,0,0,0
Joe Burrow,CIN,QB,4515,35,12,7.4,55,176,3.2,2,0,0,0.0,0,0,0,0,0
Jermaine Burton,FA,WR,0,0,0,0.0,1,8,8.0,0,36,452,12.6,3,0,0,0,0
Harrison Butker,KC,K,0,0,0,0.0,0,0,0.0,0,0,0,0.0,0,0,0,0,0
Damiere Byrd,FA,WR,0,0,0,0.0,1,4,4.0,0,4,61,15.3,0,0,0,0,0
Parris Campbell,FA,WR,0,0,0,0.0,1,5,5.0,0,14,152,10.9,1,137,0,18,0
Daniel Carlson,LV,K,0,0,0,0.0,0,0,0.0,0,0,0,0.0,0,0,0,0,0
Anders Carlson,GB,K,0,0,0,0.0,0,0,0.0,0,0,0,0.0,0,0,0,0,0
Derek Carr,NO,QB,3759,23,11,7.1,31,68,2.2,1,0,0,0.0,0,0,0,0,0
Michael Carter,ARI,RB,0,0,0,0.0,30,126,4.2,1,11,79,7.2,0,0,0,0,0
Ty Chandler,MIN,RB,0,0,0,0.0,115,473,4.1,3,22,168,7.6,1,0,0,0,0
Zach Charbonnet,SEA,RB,0,0,0,0.0,144,605,4.2,4,35,254,7.3,1,0,0,0,0
DJ Chark,FA,WR,0,0,0,0.0,1,5,5.0,0,29,389,13.4,2,0,0,0,0
Ja'Marr Chase,CIN,WR,0,0,0,0.0,3,16,5.3,0,105,1367,13.0,8,0,0,0,0
Robbie Chosen,FA,WR,0,0,0,0.0,1,4,4.0,0,9,111,12.3,1,0,0,0,0
Nick Chubb,CLE,RB,0,0,0,0.0,235,1061,4.5,8,19,149,7.8,1,0,0,0,0
Chase Claypool,FA,WR,0,0,0,0.0,1,5,5.0,0,11,143,13.0,1,0,0,0,0
Sean Clifford,GB,QB,205,1,1,7.1,1,4,4.0,0,0,0,0.0,0,0,0,0,0
Randall Cobb,FA,WR,0,0,0,0.0,1,4,4.0,0,11,114,10.4,1,0,0,0,0
Keon Coleman,FA,WR,0,0,0,0.0,1,5,5.0,0,50,675,13.5,5,0,0,0,0
Nico Collins,HOU,WR,0,0,0,0.0,2,10,5.0,0,89,1252,14.1,8,0,0,0,0
Tyler Conklin,NYJ,TE,0,0,0,0.0,0,0,0.0,0,31,304,9.8,2,0,0,0,0
Chris Conley,FA,WR,0,0,0,0.0,1,4,4.0,0,9,111,12.3,1,0,0,0,0
James Conner,ARI,RB,0,0,0,0.0,204,882,4.3,7,33,246,7.5,1,0,0,0,0
Dalvin Cook,FA,RB,0,0,0,0.0,66,278,4.2,2,9,68,7.6,0,0,0,0,0
James Cook,BUF,RB,0,0,0,0.0,201,882,4.4,5,36,279,7.8,2,0,0,0,0
Brandin Cooks,DAL,WR,0,0,0,0.0,3,16,5.3,0,51,640,12.5,4,0,0,0,0
Amari Cooper,CLE,WR,0,0,0,0.0,1,5,5.0,0,75,1102,14.7,7,0,0,0,0
Malachi Corley,FA,WR,0,0,0,0.0,7,41,5.9,0,57,599,10.5,4,0,0,0,0
Blake Corum,FA,RB,0,0,0,0.0,162,680,4.2,5,25,183,7.3,1,0,0,0,0
Kirk Cousins,ATL,QB,4022,26,12,7.4,29,74,2.6,1,0,0,0.0,0,0,0,0,0
Jacob Cowing,FA,WR,0,0,0,0.0,1,6,6.0,0,11,134,12.2,1,0,0,0,0
Mason Crosby,FA,K,0,0,0,0.0,0,0,0.0,0,0,0,0.0,0,0,0,0,0
Devin Culp,FA,TE,0,0,0,0.0,0,0,0.0,0,13,135,10.4,1,0,0,0,0
DeeJay Dallas,ARI,RB,0,0,0,0.0,11,46,4.2,0,5,36,7.2,0,344,0,231,0
Andy Dalton,CAR,QB,208,1,1,6.7,3,13,4.3,0,0,0,0.0,0,0,0,0,0
Jayden Daniels,FA,QB,3344,20,14,6.8,99,528,5.3,4,0,0,0.0,0,0,0,0,0
Sam Darnold,MIN,QB,871,5,3,6.9,16,55,3.4,1,0,0,0.0,0,0,0,0,0
Corey Davis,FA,WR,0,0,0,0.0,0,0,0.0,0,7,88,12.6,1,0,0,0,0
Gabe Davis,JAX,WR,0,0,0,0.0,1,5,5.0,0,51,747,14.6,5,0,0,0,0
Ray Davis,FA,RB,0,0,0,0.0,94,388,4.1,2,18,132,7.3,1,0,0,0,0
Isaiah Davis,FA,RB,0,0,0,0.0,31,131,4.2,1,4,29,7.3,0,0,0,0,0
Derius Davis,LAC,WR,0,0,0,0.0,5,30,6.0,0,12,151,12.6,1,412,0,231,0
Malik Davis,DAL,RB,0,0,0,0.0,13,55,4.2,0,3,23,7.7,0,0,0,0,0
Tyrion Davis-Price,PHI,RB,0,0,0,0.0,8,34,4.3,0,1,6,6.0,0,0,0,0,0
Josiah Deguara,FA,TE,0,0,0,0.0,0,0,0.0,0,5,51,10.2,0,0,0,0,0
Tank Dell,HOU,WR,0,0,0,0.0,12,69,5.8,0,81,1022,12.6,7,0,0,0,0
Emari Demercado,ARI,RB,0,0,0,0.0,66,276,4.2,2,21,153,7.3,1,0,0,0,0
Tommy DeVito,NYG,QB,210,1,1,7.0,4,17,4.3,0,0,0,0.0,0,0,0,0,0
Cameron Dicker,LAC,K,0,0,0,0.0,0,0,0.0,0,0,0,0.0,0,0,0,0,0
Stefon Diggs,BUF,WR,0,0,0,0.0,1,5,5.0,0,92,1075,11.7,7,0,0,0,0
AJ Dillon,FA,RB,0,0,0,0.0,96,391,4.1,3,12,95,7.9,1,0,0,0,0
Will Dissly,LAC,TE,0,0,0,0.0,0,0,0.0,0,10,102,10.2,1,0,0,0,0
J.K. Dobbins,FA,RB,0,0,0,0.0,57,238,4.2,2,8,54,6.8,1,0,0,0,0
Joshua Dobbs,FA,QB,190,1,1,6.8,5,26,5.2,0,0,0,0.0,0,0,0,0,0
Greg Dortch,ARI,WR,0,0,0,0.0,5,23,4.6,0,50,499,10.0,3,544,0,410,0
Jahan Dotson,WAS,WR,0,0,0,0.0,2,10,5.0,0,50,647,12.9,4,0,0,0,0
Elijah Dotson,LAC,RB,0,0,0,0.0,19,80,4.2,1,3,23,7.7,0,0,0,0,0
Romeo Doubs,GB,WR,0,0,0,0.0,1,5,5.0,0,62,777,12.5,5,0,0,0,0
Demario Douglas,NE,WR,0,0,0,0.0,5,35,7.0,0,59,649,11.0,4,65,0,84,0
Rico Dowdle,FA,RB,0,0,0,0.0,71,298,4.2,2,14,100,7.1,1,137,0,0,0
Josh Downs,IND,WR,0,0,0,0.0,3,20,6.7,0,60,666,11.1,4,117,0,19,0
Kenyan Drake,FA,RB,0,0,0,0.0,21,88,4.2,1,2,15,7.5,0,0,0,0,0
Greg Dulcich,DEN,TE,0,0,0,0.0,0,0,0.0,0,24,248,10.3,2,0,0,0,0
Ashton Dulin,IND,WR,0,0,0,0.0,1,4,4.0,0,9,102,11.3,1,0,0,0,0
Payne Durham,TB,TE,0,0,0,0.0,0,0,0.0,0,13,131,10.1,1,0,0,0,0
Devin Duvernay,JAX,WR,0,0,0,0.0,2,12,6.0,0,5,64,12.8,0,344,0,285,0
Chase Edmonds,TB,RB,0,0,0,0.0,31,130,4.2,1,7,51,7.3,0,0,0,0,0
Gus Edwards,LAC,RB,0,0,0,0.0,158,687,4.3,6,12,89,7.4,0,0,0,0,0
Clyde Edwards-Helaire,FA,RB,0,0,0,0.0,44,185,4.2,1,5,38,7.6,0,0,0,0,0
Sam Ehlinger,IND,QB,76,1,0,6.3,2,8,4.0,0,0,0,0.0,0,0,0,0,0
Austin Ekeler,WAS,RB,0,0,0,0.0,131,551,4.2,4,43,325,7.6,2,0,0,0,0
Jake Elliott,PHI,K,0,0,0,0.0,0,0,0.0,0,0,0,0.0,0,0,0,0,0
Ezekiel Elliott,FA,RB,0,0,0,0.0,103,420,4.1,4,18,131,7.3,1,0,0,0,0
Evan Engram,JAX,TE,0,0,0,0.0,0,0,0.0,0,71,684,9.6,4,0,0,0,0
Alex Erickson,FA,WR,0,0,0,0.0,2,12,6.0,0,16,206,12.9,1,0,0,0,0
Zach Ertz,WAS,TE,0,0,0,0.0,0,0,0.0,0,13,125,9.6,1,0,0,0,0
Dee Eskridge,SEA,WR,0,0,0,0.0,1,6,6.0,0,4,56,14.0,0,114,0,18,0
Audric Estime,FA,RB,0,0,0,0.0,72,305,4.2,2,9,67,7.4,0,0,0,0,0
Travis Etienne,JAX,RB,0,0,0,0.0,242,1016,4.2,8,44,328,7.5,2,0,0,0,0
Chris Evans,CIN,RB,0,0,0,0.0,9,38,4.2,0,9,65,7.2,0,0,0,0,0
Zach Evans,LAR,RB,0,0,0,0.0,52,217,4.2,1,8,59,7.4,0,0,0,0,0
Mike Evans,TB,WR,0,0,0,0.0,1,5,5.0,0,73,1108,15.2,8,0,0,0,0
Gerald Everett,CHI,TE,0,0,0,0.0,0,0,0.0,0,29,299,10.3,2,0,0,0,0
Ka'imi Fairbairn,HOU,K,0,0,0,0.0,0,0,0.0,0,0,0,0.0,0,0,0,0,0
Noah Fant,SEA,TE,0,0,0,0.0,0,0,0.0,0,29,303,10.4,2,0,0,0,0
Jake Ferguson,DAL,TE,0,0,0,0.0,0,0,0.0,0,65,677,10.4,5,0,0,0,0
Justin Fields,CHI,QB,2957,18,11,7.1,140,724,5.2,5,0,0,0.0,0,0,0,0,0
Joe Flacco,IND,QB,234,1,1,7.1,3,4,1.3,0,0,0,0.0,0,0,0,0,0
Zay Flowers,BAL,WR,0,0,0,0.0,8,51,6.4,0,81,932,11.5,6,0,0,0,0
Nick Folk,TEN,K,0,0,0,0.0,0,0,0.0,0,0,0,0.0,0,0,0,0,0
Jerome Ford,CLE,RB,0,0,0,0.0,88,370,4.2,3,26,192,7.4,1,0,0,0,0
D'Onta Foreman,FA,RB,0,0,0,0.0,70,292,4.2,3,10,71,7.1,0,0,0,0,0
Jody Fortson,FA,TE,0,0,0,0.0,0,0,0.0,0,9,95,10.6,1,0,0,0,0
Leonard Fournette,FA,RB,0,0,0,0.0,31,130,4.2,1,3,23,7.7,0,0,0,0,0
Zakhari Franklin,FA,WR,0,0,0,0.0,1,6,6.0,0,11,134,12.2,1,0,0,0,0
Troy Franklin,FA,WR,0,0,0,0.0,1,7,7.0,0,58,716,12.3,4,0,0,0,0
Pat Freiermuth,PIT,TE,0,0,0,0.0,0,0,0.0,0,56,583,10.4,4,0,0,0,0
Blaine Gabbert,FA,QB,219,1,1,7.1,3,13,4.3,0,0,0,0.0,0,0,0,0,0
Russell Gage,FA,WR,0,0,0,0.0,1,4,4.0,0,14,175,12.5,1,0,0,0,0
Kenneth Gainwell,PHI,RB,0,0,0,0.0,64,267,4.2,2,17,122,7.2,1,0,0,0,0
Michael Gallup,DAL,WR,0,0,0,0.0,1,4,4.0,0,27,356,13.2,2,0,0,0,0
Graham Gano,NYG,K,0,0,0,0.0,0,0,0.0,0,0,0,0.0,0,0,0,0,0
Jimmy Garoppolo,FA,QB,217,2,1,7.0,3,7,2.3,0,0,0,0.0,0,0,0,0,0
Matt Gay,IND,K,0,0,0,0.0,0,0,0.0,0,0,0,0.0,0,0,0,0,0
Mike Gesicki,CIN,TE,0,0,0,0.0,0,0,0.0,0,27,288,10.7,2,0,0,0,0
Jahmyr Gibbs,DET,RB,0,0,0,0.0,203,969,4.8,7,55,407,7.4,2,0,0,0,0
Antonio Gibson,NE,RB,0,0,0,0.0,76,310,4.1,2,30,228,7.6,1,193,0,0,0
Xavier Gipson,NYJ,WR,0,0,0,0.0,5,30,6.0,0,20,215,10.8,1,435,0,258,0
Chris Godwin,TB,WR,0,0,0,0.0,4,26,6.5,0,87,980,11.3,5,0,0,0,0
Dallas Goedert,PHI,TE,0,0,0,0.0,0,0,0.0,0,63,677,10.7,4,0,0,0,0
Jared Goff,DET,QB,4307,29,11,7.5,26,57,2.2,1,0,0,0.0,0,0,0,0,0
Zane Gonzalez,FA,K,0,0,0,0.0,0,0,0.0,0,0,0,0.0,0,0,0,0,0
Marquise Goodwin,FA,WR,0,0,0,0.0,2,13,6.5,0,7,106,15.1,1,0,0,0,0
Melvin Gordon,FA,RB,0,0,0,0.0,31,130,4.2,1,2,15,7.5,0,0,0,0,0
Frank Gore,FA,RB,0,0,0,0.0,59,244,4.1,2,8,59,7.4,0,0,0,0,0
Kylen Granson,IND,TE,0,0,0,0.0,0,0,0.0,0,17,173,10.2,1,0,0,0,0
Noah Gray,KC,TE,0,0,0,0.0,0,0,0.0,0,24,256,10.7,2,0,0,0,0
Danny Gray,SF,WR,0,0,0,0.0,1,4,4.0,0,7,94,13.4,1,0,0,0,0
Eric Gray,NYG,RB,0,0,0,0.0,28,115,4.1,1,6,45,7.5,0,0,0,0,0
Blake Grupe,NO,K,0,0,0,0.0,0,0,0.0,0,0,0,0.0,0,0,0,0,0
Isaac Guerendo,FA,RB,0,0,0,0.0,61,253,4.1,2,11,79,7.2,0,0,0,0,0
Jalen Guyton,FA,WR,0,0,0,0.0,1,4,4.0,0,9,119,13.2,1,0,0,0,0
Jaren Hall,MIN,QB,174,1,1,6.7,5,26,5.2,0,0,0,0.0,0,0,0,0,0
Breece Hall,NYJ,RB,0,0,0,0.0,267,1175,4.4,8,55,412,7.5,2,0,0,0,0
KJ Hamler,BUF,WR,0,0,0,0.0,1,5,5.0,0,9,130,14.4,1,0,0,0,0
Mecole Hardman,FA,WR,0,0,0,0.0,6,37,6.2,0,16,205,12.8,1,114,0,44,0
Damien Harris,FA,RB,0,0,0,0.0,56,236,4.2,2,8,56,7.0,0,0,0,0,0
Najee Harris,PIT,RB,0,0,0,0.0,222,910,4.1,7,27,196,7.3,1,0,0,0,0
Kevin Harris,NE,RB,0,0,0,0.0,60,250,4.2,2,7,51,7.3,0,0,0,0,0
Marvin Harrison,FA,WR,0,0,0,0.0,1,7,7.0,0,79,1077,13.6,7,0,0,0,0
Sam Hartman,FA,QB,100,1,0,6.7,2,7,3.5,0,0,0,0.0,0,0,0,0,0
Deonte Harty,FA,WR,0,0,0,0.0,3,15,5.0,0,8,95,11.9,1,46,0,151,0
Hassan Haskins,TEN,RB,0,0,0,0.0,11,46,4.2,0,2,11,5.5,0,0,0,0,0
JaMycal Hasty,NE,RB,0,0,0,0.0,6,25,4.2,0,2,15,7.5,0,0,0,0,0
Malik Heath,GB,WR,0,0,0,0.0,1,4,4.0,0,11,135,12.3,1,0,0,0,0
Taylor Heinicke,ATL,QB,207,1,1,6.9,4,14,3.5,0,0,0,0.0,0,0,0,0,0
Peyton Hendershot,DAL,TE,0,0,0,0.0,0,0,0.0,0,13,131,10.1,1,0,0,0,0
Darrell Henderson,FA,RB,0,0,0,0.0,31,130,4.2,1,3,23,7.7,0,0,0,0,0
Hunter Henry,NE,TE,0,0,0,0.0,0,0,0.0,0,35,359,10.3,3,0,0,0,0
Derrick Henry,BAL,RB,0,0,0,0.0,244,1089,4.5,9,19,141,7.4,1,0,0,0,0
Justin Herbert,LAC,QB,4262,29,11,7.1,52,218,4.2,2,0,0,0.0,0,0,0,0,0
Khalil Herbert,CHI,RB,0,0,0,0.0,154,660,4.3,4,16,117,7.3,1,0,0,0,0
Connor Heyward,PIT,TE,0,0,0,0.0,0,0,0.0,0,6,66,11.0,0,0,0,0,0
Tyler Higbee,LAR,TE,0,0,0,0.0,0,0,0.0,0,23,241,10.5,2,0,0,0,0
Tee Higgins,CIN,WR,0,0,0,0.0,1,5,5.0,0,73,1034,14.2,7,0,0,0,0
Elijah Higgins,ARI,TE,0,0,0,0.0,0,0,0.0,0,15,153,10.2,1,0,0,0,0
Justice Hill,BAL,RB,0,0,0,0.0,42,177,4.2,1,19,139,7.3,1,72,0,0,0
Tyreek Hill,MIA,WR,0,0,0,0.0,5,36,7.2,0,112,1598,14.3,9,0,0,0,0
Taysom Hill,NO,QB,92,1,0,7.1,77,323,4.2,4,0,0,0.0,0,0,0,0,0
Nyheim Hines,CLE,RB,0,0,0,0.0,12,50,4.2,0,8,57,7.1,0,0,0,0,0
T.J. Hockenson,MIN,TE,0,0,0,0.0,0,0,0.0,0,63,650,10.3,4,0,0,0,0
Isaiah Hodgins,FA,WR,0,0,0,0.0,1,4,4.0,0,14,183,13.1,1,0,0,0,0
Dallin Holker,FA,TE,0,0,0,0.0,0,0,0.0,0,13,135,10.4,1,0,0,0,0
Mack Hollins,BUF,WR,0,0,0,0.0,0,0,0.0,0,5,64,12.8,0,0,0,0,0
Travis Homer,CHI,RB,0,0,0,0.0,13,55,4.2,0,4,28,7.0,0,0,0,0,0
Hendon Hooker,DET,QB,182,1,1,6.5,5,26,5.2,0,0,0,0.0,0,0,0,0,0
Austin Hooper,NE,TE,0,0,0,0.0,0,0,0.0,0,11,109,9.9,1,0,0,0,0
Dustin Hopkins,CLE,K,0,0,0,0.0,0,0,0.0,0,0,0,0.0,0,0,0,0,0
DeAndre Hopkins,TEN,WR,0,0,0,0.0,2,9,4.5,0,68,867,12.8,5,0,0,0,0
Brycen Hopkins,FA,TE,0,0,0,0.0,0,0,0.0,0,2,19,9.5,0,0,0,0,0
Tory Horton,FA,WR,0,0,0,0.0,1,6,6.0,0,10,126,12.6,1,0,0,0,0
Sam Howell,WAS,QB,461,3,2,7.0,8,41,5.1,1,0,0,0.0,0,0,0,0,0
Chuba Hubbard,CAR,RB,0,0,0,0.0,161,660,4.1,5,27,192,7.1,1,0,0,0,0
Tanner Hudson,FA,TE,0,0,0,0.0,0,0,0.0,0,22,233,10.6,2,0,0,0,0
Kareem Hunt,FA,RB,0,0,0,0.0,52,218,4.2,2,13,96,7.4,1,0,0,0,0
Tyler Huntley,FA,QB,202,1,1,6.5,5,24,4.8,0,0,0,0.0,0,0,0,0,0
Caleb Huntley,FA,RB,0,0,0,0.0,11,46,4.2,0,2,15,7.5,0,0,0,0,0
Hayden Hurst,FA,TE,0,0,0,0.0,0,0,0.0,0,23,240,10.4,2,0,0,0,0
Jalen Hurts,PHI,QB,3694,22,11,7.5,151,649,4.3,11,0,0,0.0,0,0,0,0,0
Xavier Hutchinson,HOU,WR,0,0,0,0.0,6,37,6.2,0,28,349,12.5,2,0,0,0,0
Jalin Hyatt,NYG,WR,0,0,0,0.0,1,5,5.0,0,38,575,15.1,3,0,0,0,0
Keaontay Ingram,KC,RB,0,0,0,0.0,14,59,4.2,0,3,20,6.7,0,0,0,0,0
Andrei Iosivas,CIN,WR,0,0,0,0.0,1,6,6.0,0,22,271,12.3,2,0,0,0,0
Bucky Irving,FA,RB,0,0,0,0.0,84,354,4.2,2,19,133,7.0,1,0,0,0,0
Trenton Irwin,FA,WR,0,0,0,0.0,1,4,4.0,0,9,119,13.2,1,46,0,89,0
Lamar Jackson,BAL,QB,3566,26,10,7.7,152,861,5.7,5,0,0,0.0,0,0,0,0,0
Josh Jacobs,GB,RB,0,0,0,0.0,243,1086,4.5,7,37,271,7.3,2,0,0,0,0
Richie James,FA,WR,0,0,0,0.0,2,12,6.0,0,17,180,10.6,1,252,0,214,0
Rakim Jarrett,TB,WR,0,0,0,0.0,2,10,5.0,0,14,175,12.5,1,0,0,0,0
Van Jefferson,FA,WR,0,0,0,0.0,1,6,6.0,0,13,167,12.8,1,0,0,0,0
Justin Jefferson,MIN,WR,0,0,0,0.0,2,12,6.0,0,109,1557,14.3,9,0,0,0,0
Jauan Jennings,SF,WR,0,0,0,0.0,1,6,6.0,0,22,278,12.6,1,0,0,0,0
Jerry Jeudy,CLE,WR,0,0,0,0.0,2,11,5.5,0,54,696,12.9,4,0,0,0,0
Juwan Johnson,NO,TE,0,0,0,0.0,0,0,0.0,0,32,359,11.2,3,0,0,0,0
D'Ernest Johnson,JAX,RB,0,0,0,0.0,15,63,4.2,0,3,23,7.7,0,0,0,0,0
Ty Johnson,BUF,RB,0,0,0,0.0,55,231,4.2,2,13,96,7.4,1,0,0,0,0
Diontae Johnson,CAR,WR,0,0,0,0.0,2,10,5.0,0,64,670,10.5,4,0,0,0,0
Brandon Johnson,DEN,WR,0,0,0,0.0,2,11,5.5,0,15,191,12.7,1,0,0,0,0
Dillon Johnson,FA,RB,0,0,0,0.0,34,140,4.1,1,4,29,7.3,0,0,0,0,0
Theo Johnson,FA,TE,0,0,0,0.0,0,0,0.0,0,26,266,10.2,2,0,0,0,0
Roschon Johnson,CHI,RB,0,0,0,0.0,83,346,4.2,3,18,130,7.2,1,0,0,0,0
Quentin Johnston,LAC,WR,0,0,0,0.0,1,6,6.0,0,47,585,12.4,4,0,0,0,0
Charlie Jones,CIN,WR,0,0,0,0.0,1,5,5.0,0,13,167,12.8,1,92,0,214,0
Tim Jones,JAX,WR,0,0,0,0.0,1,4,4.0,0,8,95,11.9,1,0,0,0,0
Mac Jones,JAX,QB,200,1,1,6.7,5,20,4.0,0,0,0,0.0,0,0,0,0,0
Daniel Jones,NYG,QB,2963,17,9,7.0,84,414,4.9,3,0,0,0.0,0,0,0,0,0
Zay Jones,JAX,WR,0,0,0,0.0,2,9,4.5,0,48,563,11.7,4,0,0,0,0
Aaron Jones,MIN,RB,0,0,0,0.0,195,851,4.4,6,35,257,7.3,2,0,0,0,0
Marvin Jones,FA,WR,0,0,0,0.0,1,4,4.0,0,4,38,9.5,0,0,0,0,0
Julio Jones,FA,WR,0,0,0,0.0,1,4,4.0,0,8,103,12.9,1,0,0,0,0
Brevin Jordan,HOU,TE,0,0,0,0.0,0,0,0.0,0,27,284,10.5,2,0,0,0,0
Jawhar Jordan,FA,RB,0,0,0,0.0,12,49,4.1,0,2,11,5.5,0,0,0,0,0
Greg Joseph,FA,K,0,0,0,0.0,0,0,0.0,0,0,0,0.0,0,0,0,0,0
Kyle Juszczyk,SF,RB,0,0,0,0.0,5,16,3.2,0,13,121,9.3,1,0,0,0,0
Alvin Kamara,NO,RB,0,0,0,0.0,172,707,4.1,4,51,371,7.3,2,0,0,0,0
Case Keenum,HOU,QB,205,1,1,7.1,2,8,4.0,0,0,0,0.0,0,0,0,0,0
Travis Kelce,KC,TE,0,0,0,0.0,1,4,4.0,0,88,938,10.7,7,0,0,0,0
Joshua Kelley,FA,RB,0,0,0,0.0,32,134,4.2,1,5,36,7.2,0,0,0,0,0
Dalton Kincaid,BUF,TE,0,0,0,0.0,0,0,0.0,0,75,774,10.3,6,0,0,0,0
Christian Kirk,JAX,WR,0,0,0,0.0,2,11,5.5,0,79,1007,12.7,6,0,0,0,0
George Kittle,SF,TE,0,0,0,0.0,1,5,5.0,0,65,888,13.7,6,0,0,0,0
Cole Kmet,CHI,TE,0,0,0,0.0,0,0,0.0,0,57,586,10.3,4,0,0,0,0
Dawson Knox,BUF,TE,0,0,0,0.0,0,0,0.0,0,30,313,10.4,3,0,0,0,0
Charlie Kolar,BAL,TE,0,0,0,0.0,0,0,0.0,0,5,51,10.2,0,0,0,0,0
Younghoe Koo,ATL,K,0,0,0,0.0,0,0,0.0,0,0,0,0.0,0,0,0,0,0
Tucker Kraft,GB,TE,0,0,0,0.0,0,0,0.0,0,40,415,10.4,3,0,0,0,0
Lucas Krull,DEN,TE,0,0,0,0.0,0,0,0.0,0,15,160,10.7,1,0,0,0,0
Cooper Kupp,LAR,WR,0,0,0,0.0,4,24,6.0,0,89,1011,11.4,6,0,0,0,0
CeeDee Lamb,DAL,WR,0,0,0,0.0,12,74,6.2,1,115,1455,12.7,9,0,0,0,0
Trey Lance,DAL,QB,198,1,1,7.1,5,24,4.8,0,0,0,0.0,0,0,0,0,0
Sam LaPorta,DET,TE,0,0,0,0.0,0,0,0.0,0,88,920,10.5,7,0,0,0,0
Dylan Laube,FA,RB,0,0,0,0.0,42,172,4.1,1,5,37,7.4,0,0,0,0,0
Trevor Lawrence,JAX,QB,3990,24,13,7.1,69,316,4.6,3,0,0,0.0,0,0,0,0,0
Allen Lazard,NYJ,WR,0,0,0,0.0,1,5,5.0,0,32,419,13.1,2,0,0,0,0
Xavier Legette,FA,WR,0,0,0,0.0,3,18,6.0,0,48,596,12.4,4,0,0,0,0
Will Levis,TEN,QB,3488,20,13,7.0,49,174,3.6,2,0,0,0.0,0,0,0,0,0
Isaiah Likely,BAL,TE,0,0,0,0.0,0,0,0.0,0,36,391,10.9,3,0,0,0,0
MarShawn Lloyd,FA,RB,0,0,0,0.0,90,378,4.2,3,13,99,7.6,0,0,0,0,0
Drew Lock,NYG,QB,210,1,1,7.0,3,13,4.3,0,0,0,0.0,0,0,0,0,0
Tyler Lockett,SEA,WR,0,0,0,0.0,1,5,5.0,0,64,768,12.0,5,0,0,0,0
Drake London,ATL,WR,0,0,0,0.0,2,11,5.5,0,82,1065,13.0,7,0,0,0,0
Jordan Love,GB,QB,3967,29,12,7.3,45,216,4.8,3,0,0,0.0,0,0,0,0,0
Wil Lutz,DEN,K,0,0,0,0.0,0,0,0.0,0,0,0,0.0,0,0,0,0,0
Brett Maher,FA,K,0,0,0,0.0,0,0,0.0,0,0,0,0.0,0,0,0,0,0
Patrick Mahomes,KC,QB,4616,33,12,7.7,69,361,5.2,2,0,0,0.0,0,0,0,0,0
Will Mallory,IND,TE,0,0,0,0.0,0,0,0.0,0,27,284,10.5,2,0,0,0,0
Marcus Mariota,WAS,QB,203,1,1,7.0,3,13,4.3,0,0,0,0.0,0,0,0,0,0
Terrace Marshall,CAR,WR,0,0,0,0.0,1,4,4.0,0,5,64,12.8,0,0,0,0,0
Jordan Mason,SF,RB,0,0,0,0.0,31,130,4.2,1,3,23,7.7,0,0,0,0,0
Alexander Mattison,FA,RB,0,0,0,0.0,71,294,4.1,2,12,84,7.0,1,0,0,0,0
Drake Maye,FA,QB,3727,22,14,6.9,64,287,4.5,3,0,0,0.0,0,0,0,0,0
Michael Mayer,LV,TE,0,0,0,0.0,0,0,0.0,0,45,466,10.4,3,0,0,0,0
Baker Mayfield,TB,QB,3833,24,12,7.2,55,192,3.5,2,0,0,0.0,0,0,0,0,0
Trey McBride,ARI,TE,0,0,0,0.0,0,0,0.0,0,80,839,10.5,6,0,0,0,0
DeWayne McBride,MIN,RB,0,0,0,0.0,35,147,4.2,1,5,36,7.2,0,0,0,0,0
Luke McCaffrey,FA,WR,0,0,0,0.0,1,6,6.0,0,11,134,12.2,1,0,0,0,0
Christian McCaffrey,SF,RB,0,0,0,0.0,256,1229,4.8,11,68,537,7.9,4,0,0,0,0
J.J. McCarthy,FA,QB,1489,8,6,6.9,37,169,4.6,2,0,0,0.0,0,0,0,0,0
Jase McClellan,FA,RB,0,0,0,0.0,41,168,4.1,1,9,68,7.6,0,0,0,0,0
Ray-Ray McCloud,FA,WR,0,0,0,0.0,3,19,6.3,0,12,131,10.9,1,321,0,303,0
Ladd McConkey,FA,WR,0,0,0,0.0,1,9,9.0,0,58,711,12.3,5,0,0,0,0
Colt McCoy,FA,QB,85,1,0,6.5,2,8,4.0,0,0,0,0.0,0,0,0,0,0
Kenny McIntosh,SEA,RB,0,0,0,0.0,12,50,4.2,0,2,15,7.5,0,0,0,0,0
Tanner McKee,PHI,QB,80,1,0,6.7,2,8,4.0,0,0,0,0.0,0,0,0,0,0
Isaiah McKenzie,NYG,WR,0,0,0,0.0,2,10,5.0,0,11,107,9.7,1,206,0,222,0
Jerick McKinnon,FA,RB,0,0,0,0.0,14,59,4.2,0,14,102,7.3,1,0,0,0,0
Chase McLaughlin,TB,K,0,0,0,0.0,0,0,0.0,0,0,0,0.0,0,0,0,0,0
Jaleel McLaughlin,DEN,RB,0,0,0,0.0,114,489,4.3,3,22,161,7.3,1,0,0,0,0
Terry McLaurin,WAS,WR,0,0,0,0.0,1,6,6.0,0,75,998,13.3,5,0,0,0,0
Brandon McManus,WAS,K,0,0,0,0.0,0,0,0.0,0,0,0,0.0,0,0,0,0,0
Jalen McMillan,FA,WR,0,0,0,0.0,3,16,5.3,0,39,419,10.7,3,0,0,0,0
Evan McPherson,CIN,K,0,0,0,0.0,0,0,0.0,0,0,0,0.0,0,0,0,0,0
Bo Melton,GB,WR,0,0,0,0.0,1,5,5.0,0,16,206,12.9,1,0,0,0,0
DK Metcalf,SEA,WR,0,0,0,0.0,1,5,5.0,0,74,1059,14.3,8,0,0,0,0
John Metchie,HOU,WR,0,0,0,0.0,2,12,6.0,0,22,249,11.3,1,0,0,0,0
Jakobi Meyers,LV,WR,12,0,0,6.0,4,22,5.5,0,62,699,11.3,4,0,0,0,0
Scott Miller,FA,WR,0,0,0,0.0,1,4,4.0,0,5,64,12.8,0,0,0,0,0
Kendre Miller,NO,RB,0,0,0,0.0,128,538,4.2,4,16,119,7.4,1,0,0,0,0
Davis Mills,HOU,QB,212,1,1,7.1,3,13,4.3,0,0,0,0.0,0,0,0,0,0
Joe Milton,FA,QB,410,2,2,6.7,8,37,4.6,1,0,0,0.0,0,0,0,0,0
Marvin Mims,DEN,WR,0,0,0,0.0,4,29,7.3,0,46,621,13.5,3,415,0,282,0
Jonathan Mingo,CAR,WR,0,0,0,0.0,2,11,5.5,0,37,448,12.1,3,0,0,0,0
Gardner Minshew,LV,QB,856,5,3,6.8,12,40,3.3,1,0,0,0.0,0,0,0,0,0
Keaton Mitchell,BAL,RB,0,0,0,0.0,67,301,4.5,2,16,121,7.6,1,0,0,0,0
Adonai Mitchell,FA,WR,0,0,0,0.0,1,8,8.0,0,48,623,13.0,4,0,0,0,0
Elijah Mitchell,SF,RB,0,0,0,0.0,107,448,4.2,4,12,88,7.3,0,0,0,0,0
Joe Mixon,HOU,RB,0,0,0,0.0,206,852,4.1,6,34,251,7.4,1,0,0,0,0
D.J. Montgomery,IND,WR,0,0,0,0.0,1,6,6.0,0,16,192,12.0,1,0,0,0,0
David Montgomery,DET,RB,0,0,0,0.0,215,955,4.4,9,20,147,7.4,1,0,0,0,0
Jake Moody,SF,K,0,0,0,0.0,0,0,0.0,0,0,0,0.0,0,0,0,0,0
Darnell Mooney,ATL,WR,0,0,0,0.0,2,12,6.0,0,44,589,13.4,4,0,0,0,0
Chris Moore,FA,WR,0,0,0,0.0,3,16,5.3,0,18,230,12.8,1,160,0,18,0
DJ Moore,CHI,WR,0,0,0,0.0,4,26,6.5,0,83,1155,13.9,7,0,0,0,0
David Moore,FA,WR,0,0,0,0.0,1,5,5.0,0,9,135,15.0,1,0,0,0,0
Elijah Moore,CLE,WR,0,0,0,0.0,4,18,4.5,0,38,412,10.8,3,0,0,0,0
Rondale Moore,ATL,WR,0,0,0,0.0,16,91,5.7,1,29,282,9.7,2,0,0,0,0
Skyy Moore,KC,WR,0,0,0,0.0,2,12,6.0,0,15,168,11.2,1,0,0,0,0
Foster Moreau,NO,TE,0,0,0,0.0,0,0,0.0,0,11,116,10.5,1,0,0,0,0
Quinton Morris,BUF,TE,0,0,0,0.0,0,0,0.0,0,8,80,10.0,1,0,0,0,0
Zack Moss,CIN,RB,0,0,0,0.0,144,597,4.1,5,25,183,7.3,1,0,0,0,0
Raheem Mostert,MIA,RB,0,0,0,0.0,172,774,4.5,7,19,141,7.4,1,0,0,0,0
Nick Mullens,MIN,QB,191,1,1,7.1,2,8,4.0,0,0,0,0.0,0,0,0,0,0
Johnny Mundt,MIN,TE,0,0,0,0.0,0,0,0.0,0,17,175,10.3,1,0,0,0,0
Latavius Murray,FA,RB,0,0,0,0.0,39,164,4.2,1,5,36,7.2,0,0,0,0,0
Kyler Murray,ARI,QB,3717,23,12,7.1,94,526,5.6,5,0,0,0.0,0,0,0,0,0
Luke Musgrave,GB,TE,0,0,0,0.0,0,0,0.0,0,41,475,11.6,4,0,0,0,0
Jason Myers,SEA,K,0,0,0,0.0,0,0,0.0,0,0,0,0.0,0,0,0,0,0
Malik Nabers,FA,WR,0,0,0,0.0,2,15,7.5,0,78,1052,13.5,6,0,0,0,0
Puka Nacua,LAR,WR,0,0,0,0.0,8,44,5.5,0,101,1356,13.4,8,0,0,0,0
Bo Nix,FA,QB,807,5,3,6.8,21,94,4.5,1,0,0,0.0,0,0,0,0,0
David Njoku,CLE,TE,0,0,0,0.0,0,0,0.0,0,64,671,10.5,5,0,0,0,0
Kene Nwangwu,MIN,RB,0,0,0,0.0,12,49,4.1,0,2,11,5.5,0,298,0,89,0
Aidan O'Connell,LV,QB,637,4,2,7.0,5,11,2.2,0,0,0,0.0,0,0,0,0,0
Rome Odunze,FA,WR,0,0,0,0.0,1,7,7.0,0,75,1022,13.6,6,0,0,0,0
Dare Ogunbowale,FA,RB,0,0,0,0.0,11,46,4.2,0,7,51,7.3,0,0,0,0,0
Chigoziem Okonkwo,TEN,TE,0,0,0,0.0,1,4,4.0,0,44,448,10.2,3,0,0,0,0
Chris Olave,NO,WR,0,0,0,0.0,1,5,5.0,0,88,1176,13.4,6,0,0,0,0
Josh Oliver,MIN,TE,0,0,0,0.0,0,0,0.0,0,11,116,10.5,1,0,0,0,0
K.J. Osborn,FA,WR,0,0,0,0.0,1,6,6.0,0,35,449,12.8,3,0,0,0,0
Cade Otton,TB,TE,0,0,0,0.0,0,0,0.0,0,46,441,9.6,3,0,0,0,0
Isiah Pacheco,KC,RB,0,0,0,0.0,229,1030,4.5,8,39,285,7.3,1,0,0,0,0
Joshua Palmer,LAC,WR,0,0,0,0.0,1,5,5.0,0,44,556,12.6,4,0,0,0,0
Trey Palmer,TB,WR,0,0,0,0.0,4,24,6.0,0,33,416,12.6,3,0,0,0,0
Donald Parham,LAC,TE,0,0,0,0.0,0,0,0.0,0,15,160,10.7,2,0,0,0,0
DeVante Parker,PHI,WR,0,0,0,0.0,1,4,4.0,0,25,340,13.6,2,0,0,0,0
Colby Parkinson,LAR,TE,0,0,0,0.0,0,0,0.0,0,26,280,10.8,2,0,0,0,0
Zach Pascal,ARI,WR,0,0,0,0.0,1,4,4.0,0,9,119,13.2,1,0,0,0,0
Tim Patrick,DEN,WR,0,0,0,0.0,1,4,4.0,0,18,222,12.3,1,0,0,0,0
Cordarrelle Patterson,FA,RB,0,0,0,0.0,33,139,4.2,1,9,68,7.6,0,206,0,0,0
Riley Patterson,JAX,K,0,0,0,0.0,0,0,0.0,0,0,0,0.0,0,0,0,0,0
Ricky Pearsall,FA,WR,0,0,0,0.0,3,16,5.3,0,49,590,12.0,4,0,0,0,0
Michael Penix,FA,QB,818,5,3,6.7,17,75,4.4,1,0,0,0.0,0,0,0,0,0
Rashaad Penny,FA,RB,0,0,0,0.0,24,101,4.2,1,2,11,5.5,0,0,0,0,0
Donovan Peoples-Jones,FA,WR,0,0,0,0.0,1,4,4.0,0,13,181,13.9,1,0,0,0,0
Samaje Perine,DEN,RB,0,0,0,0.0,25,104,4.2,1,17,123,7.2,1,0,0,0,0
A.T. Perry,NO,WR,0,0,0,0.0,1,5,5.0,0,26,367,14.1,2,0,0,0,0
Kyle Philips,TEN,WR,0,0,0,0.0,1,4,4.0,0,9,95,10.6,0,0,0,0,0
George Pickens,PIT,WR,0,0,0,0.0,2,10,5.0,0,71,1072,15.1,6,0,0,0,0
Kenny Pickett,PIT,QB,364,2,1,6.7,5,23,4.6,0,0,0,0.0,0,0,0,0,0
Dameon Pierce,HOU,RB,0,0,0,0.0,109,447,4.1,3,9,68,7.6,0,183,0,0,0
Alec Pierce,IND,WR,0,0,0,0.0,1,5,5.0,0,28,415,14.8,2,0,0,0,0
Eddy Pineiro,CAR,K,0,0,0,0.0,0,0,0.0,0,0,0,0.0,0,0,0,0,0
Michael Pittman,IND,WR,0,0,0,0.0,1,5,5.0,0,92,1027,11.2,6,0,0,0,0
Kyle Pitts,ATL,TE,0,0,0,0.0,0,0,0.0,0,60,738,12.3,5,0,0,0,0
Ja'Lynn Polk,FA,WR,0,0,0,0.0,1,10,10.0,0,36,439,12.2,3,0,0,0,0
Tony Pollard,TEN,RB,0,0,0,0.0,200,850,4.3,6,31,239,7.7,1,0,0,0,0
Brandon Powell,MIN,WR,0,0,0,0.0,4,23,5.8,0,14,141,10.1,1,0,0,267,0
Matt Prater,ARI,K,0,0,0,0.0,0,0,0.0,0,0,0,0.0,0,0,0,0,0
Michael Pratt,FA,QB,188,1,1,6.7,3,10,3.3,0,0,0,0.0,0,0,0,0,0
Dak Prescott,DAL,QB,4260,31,11,7.6,54,227,4.2,2,0,0,0.0,0,0,0,0,0
Byron Pringle,FA,WR,0,0,0,0.0,1,4,4.0,0,7,87,12.4,1,160,0,0,0
Brock Purdy,SF,QB,3952,30,11,8.3,38,160,4.2,2,0,0,0.0,0,0,0,0,0
Spencer Rattler,FA,QB,100,1,0,6.7,3,10,3.3,0,0,0,0.0,0,0,0,0,0
Kalif Raymond,DET,WR,0,0,0,0.0,6,37,6.2,0,21,262,12.5,2,46,0,151,0
Jalen Reagor,NE,WR,0,0,0,0.0,1,6,6.0,0,12,151,12.6,1,206,0,0,0
Jayden Reed,GB,WR,0,0,0,0.0,13,76,5.8,1,71,886,12.5,5,71,0,91,0
Hunter Renfrow,FA,WR,0,0,0,0.0,1,4,4.0,0,21,215,10.2,1,0,0,0,0
Craig Reynolds,DET,RB,0,0,0,0.0,41,172,4.2,1,6,45,7.5,0,160,0,0,0
Josh Reynolds,FA,WR,0,0,0,0.0,1,5,5.0,0,30,381,12.7,2,0,0,0,0
Rashee Rice,KC,WR,0,0,0,0.0,2,10,5.0,0,91,1020,11.2,7,0,0,0,0
Brenden Rice,FA,WR,0,0,0,0.0,1,6,6.0,0,20,246,12.3,1,0,0,0,0
Anthony Richardson,IND,QB,3293,20,11,7.1,165,794,4.8,9,0,0,0.0,0,0,0,0,0
Desmond Ridder,ARI,QB,201,1,1,6.7,5,16,3.2,0,0,0,0.0,0,0,0,0,0
Calvin Ridley,TEN,WR,0,0,0,0.0,6,34,5.7,0,72,979,13.6,6,0,0,0,0
Ronnie Rivers,LAR,RB,0,0,0,0.0,55,231,4.2,2,9,66,7.3,0,0,0,0,0
Bijan Robinson,ATL,RB,0,0,0,0.0,244,1122,4.6,8,47,365,7.8,2,0,0,0,0
Brian Robinson,WAS,RB,0,0,0,0.0,176,711,4.0,5,22,162,7.4,1,0,0,0,0
Wan'Dale Robinson,NYG,WR,0,0,0,0.0,10,55,5.5,0,58,593,10.2,4,0,0,0,0
Demarcus Robinson,LAR,WR,0,0,0,0.0,1,7,7.0,0,31,389,12.5,3,0,0,0,0
Allen Robinson,FA,WR,0,0,0,0.0,1,4,4.0,0,11,113,10.3,1,0,0,0,0
Aaron Rodgers,NYJ,QB,3897,27,9,7.2,32,96,3.0,1,0,0,0.0,0,0,0,0,0
Chris Rodriguez,WAS,RB,0,0,0,0.0,71,291,4.1,2,9,65,7.2,0,0,0,0,0
Marcus Rosemy-Jacksaint,FA,WR,0,0,0,0.0,1,6,6.0,0,10,126,12.6,1,0,0,0,0
Justyn Ross,KC,WR,0,0,0,0.0,0,0,0.0,0,8,103,12.9,1,0,0,0,0
Jeremy Ruckert,NYJ,TE,0,0,0,0.0,0,0,0.0,0,18,189,10.5,1,0,0,0,0
Mason Rudolph,TEN,QB,223,1,1,7.0,1,4,4.0,0,0,0,0.0,0,0,0,0,0
Cooper Rush,DAL,QB,219,1,1,7.1,3,13,4.3,0,0,0,0.0,0,0,0,0,0
Chad Ryland,NE,K,0,0,0,0.0,0,0,0.0,0,0,0,0.0,0,0,0,0,0
Drew Sample,CIN,TE,0,0,0,0.0,0,0,0.0,0,6,66,11.0,0,0,0,0,0
Deebo Samuel,SF,WR,0,0,0,0.0,40,238,6.0,3,63,895,14.2,6,71,0,0,0
Curtis Samuel,FA,WR,0,0,0,0.0,12,70,5.8,1,46,479,10.4,3,0,0,0,0
Jason Sanders,MIA,K,0,0,0,0.0,0,0,0.0,0,0,0,0.0,0,0,0,0,0
Miles Sanders,CAR,RB,0,0,0,0.0,69,283,4.1,2,9,65,7.2,0,0,0,0,0
Ja'Tavion Sanders,FA,TE,0,0,0,0.0,0,0,0.0,0,35,385,11.0,3,0,0,0,0
Cairo Santos,CHI,K,0,0,0,0.0,0,0,0.0,0,0,0,0.0,0,0,0,0,0
Luke Schoonmaker,DAL,TE,0,0,0,0.0,0,0,0.0,0,8,87,10.9,1,0,0,0,0
Cody Schrader,FA,RB,0,0,0,0.0,40,169,4.2,1,4,30,7.5,0,0,0,0,0
Dalton Schultz,HOU,TE,0,0,0,0.0,0,0,0.0,0,60,633,10.6,5,0,0,0,0
Boston Scott,FA,RB,0,0,0,0.0,25,105,4.2,1,2,15,7.5,0,0,0,0,0
Tyler Scott,CHI,WR,0,0,0,0.0,7,38,5.4,0,28,327,11.7,2,137,0,18,0
Trey Sermon,FA,RB,0,0,0,0.0,16,67,4.2,0,2,11,5.5,0,0,0,0,0
Rashid Shaheed,NO,WR,0,0,0,0.0,8,50,6.3,0,50,680,13.6,4,412,0,267,0
Khalil Shakir,BUF,WR,0,0,0,0.0,1,7,7.0,0,59,682,11.6,5,113,0,64,0
Laviska Shenault,FA,WR,0,0,0,0.0,11,52,4.7,0,6,69,11.5,0,160,0,0,0
Trent Sherfield,FA,WR,0,0,0,0.0,1,4,4.0,0,13,167,12.8,1,0,0,0,0
Will Shipley,FA,RB,0,0,0,0.0,51,208,4.1,2,6,44,7.3,0,0,0,0,0
Trevor Siemian,FA,QB,92,0,0,6.6,1,4,4.0,0,0,0,0.0,0,0,0,0,0
Devin Singletary,NYG,RB,0,0,0,0.0,182,764,4.2,5,29,211,7.3,1,0,0,0,0
Ben Sinnott,FA,TE,0,0,0,0.0,0,0,0.0,0,32,341,10.7,3,0,0,0,0
Ben Skowronek,LAR,WR,0,0,0,0.0,1,4,4.0,0,9,111,12.3,1,0,0,0,0
Darius Slayton,NYG,WR,0,0,0,0.0,1,5,5.0,0,38,550,14.5,3,0,0,0,0
Joey Slye,FA,K,0,0,0,0.0,0,0,0.0,0,0,0,0.0,0,0,0,0,0
Stone Smartt,LAC,TE,0,0,0,0.0,0,0,0.0,0,8,87,10.9,1,0,0,0,0
DeVonta Smith,PHI,WR,0,0,0,0.0,1,6,6.0,0,87,1062,12.2,6,0,0,0,0
Ainias Smith,FA,WR,0,0,0,0.0,1,6,6.0,0,11,141,12.8,1,0,0,0,0
Irv Smith,KC,TE,0,0,0,0.0,0,0,0.0,0,11,116,10.5,1,0,0,0,0
Geno Smith,SEA,QB,3873,25,11,7.3,35,147,4.2,1,0,0,0.0,0,0,0,0,0
Jonnu Smith,MIA,TE,0,0,0,0.0,0,0,0.0,0,18,182,10.1,1,0,0,0,0
Jaxon Smith-Njigba,SEA,WR,0,0,0,0.0,2,10,5.0,0,68,738,10.9,5,0,0,0,0
Juju Smith-Schuster,NE,WR,0,0,0,0.0,1,5,5.0,0,34,355,10.4,2,0,0,0,0
Durham Smythe,MIA,TE,0,0,0,0.0,0,0,0.0,0,22,226,10.3,2,0,0,0,0
Tyjae Spears,TEN,RB,0,0,0,0.0,144,618,4.3,4,44,312,7.1,2,232,0,0,0
Isaiah Spiller,LAC,RB,0,0,0,0.0,35,147,4.2,1,5,37,7.4,0,0,0,0,0
Amon-Ra St. Brown,DET,WR,0,0,0,0.0,6,36,6.0,0,111,1285,11.6,8,0,0,0,0
Equanimeous St. Brown,FA,WR,0,0,0,0.0,1,4,4.0,0,7,91,13.0,1,0,0,0,0
Matthew Stafford,LAR,QB,4211,28,14,7.5,16,68,4.3,1,0,0,0.0,0,0,0,0,0
Rhamondre Stevenson,NE,RB,0,0,0,0.0,215,907,4.2,6,32,236,7.4,1,0,0,0,0
Easton Stick,FA,QB,207,1,1,6.7,3,13,4.3,0,0,0,0.0,0,0,0,0,0
Jarrett Stidham,DEN,QB,807,5,3,6.7,8,34,4.3,1,0,0,0.0,0,0,0,0,0
Jack Stoll,FA,TE,0,0,0,0.0,0,0,0.0,0,9,95,10.6,1,0,0,0,0
Cade Stover,FA,TE,0,0,0,0.0,0,0,0.0,0,23,245,10.7,2,0,0,0,0
Brenton Strange,JAX,TE,0,0,0,0.0,0,0,0.0,0,13,131,10.1,1,0,0,0,0
Pierre Strong,CLE,RB,0,0,0,0.0,31,130,4.2,1,6,45,7.5,0,0,0,0,0
C.J. Stroud,HOU,QB,4403,35,11,7.7,46,193,4.2,3,0,0,0.0,0,0,0,0,0
Ryan Succop,FA,K,0,0,0,0.0,0,0,0.0,0,0,0,0.0,0,0,0,0,0
Courtland Sutton,DEN,WR,0,0,0,0.0,1,5,5.0,0,58,782,13.5,5,0,0,0,0
D'Andre Swift,CHI,RB,0,0,0,0.0,155,652,4.2,4,32,238,7.4,2,0,0,0,0
Tua Tagovailoa,MIA,QB,4246,31,12,8.1,33,73,2.2,1,0,0,0.0,0,0,0,0,0
Taulia Tagovailoa,FA,QB,100,1,0,6.7,2,7,3.5,0,0,0,0.0,0,0,0,0,0
Ryan Tannehill,FA,QB,432,3,1,7.1,7,29,4.1,0,0,0,0.0,0,0,0,0,0
Tyrod Taylor,NYJ,QB,205,1,1,7.1,5,21,4.2,0,0,0,0.0,0,0,0,0,0
Jonathan Taylor,IND,RB,0,0,0,0.0,266,1224,4.6,10,32,244,7.6,1,0,0,0,0
Patrick Taylor,FA,RB,0,0,0,0.0,16,67,4.2,0,2,15,7.5,0,0,0,0,0
Adam Thielen,CAR,WR,0,0,0,0.0,1,5,5.0,0,56,563,10.1,3,0,0,0,0
Michael Thomas,FA,WR,0,0,0,0.0,1,5,5.0,0,44,462,10.5,3,0,0,0,0
Logan Thomas,FA,TE,0,0,0,0.0,0,0,0.0,0,30,294,9.8,2,0,0,0,0
Ian Thomas,CAR,TE,0,0,0,0.0,0,0,0.0,0,6,66,11.0,0,0,0,0,0
Brian Thomas,FA,WR,0,0,0,0.0,2,14,7.0,0,59,762,12.9,5,0,0,0,0
Deven Thompkins,TB,WR,0,0,0,0.0,6,36,6.0,0,12,139,11.6,1,366,0,231,0
Skylar Thompson,MIA,QB,161,1,1,7.0,4,20,5.0,0,0,0,0.0,0,0,0,0,0
Dorian Thompson-Robinson,CLE,QB,87,0,0,6.7,3,13,4.3,0,0,0,0.0,0,0,0,0,0
Tyquan Thornton,NE,WR,0,0,0,0.0,2,10,5.0,0,12,156,13.0,1,0,0,0,0
Jamari Thrash,FA,WR,0,0,0,0.0,1,6,6.0,0,11,141,12.8,1,0,0,0,0
Cedric Tillman,CLE,WR,0,0,0,0.0,1,5,5.0,0,22,294,13.4,2,0,0,0,0
Jalen Tolbert,DAL,WR,0,0,0,0.0,1,5,5.0,0,31,358,11.5,2,0,0,0,0
Kadarius Toney,KC,WR,0,0,0,0.0,12,70,5.8,0,20,246,12.3,2,69,0,53,0
Robert Tonyan,FA,TE,0,0,0,0.0,0,0,0.0,0,15,153,10.2,1,0,0,0,0
Kyle Trask,TB,QB,211,1,1,6.8,3,10,3.3,0,0,0,0.0,0,0,0,0,0
Adam Trautman,DEN,TE,0,0,0,0.0,0,0,0.0,0,13,131,10.1,1,0,0,0,0
Jordan Travis,FA,QB,188,1,1,6.7,3,10,3.3,0,0,0,0.0,0,0,0,0,0
Tommy Tremble,CAR,TE,0,0,0,0.0,0,0,0.0,0,18,189,10.5,1,0,0,0,0
Mitchell Trubisky,BUF,QB,194,1,1,6.7,3,15,5.0,0,0,0,0.0,0,0,0,0,0
Justin Tucker,BAL,K,0,0,0,0.0,0,0,0.0,0,0,0,0.0,0,0,0,0,0
Tre Tucker,LV,WR,0,0,0,0.0,7,43,6.1,0,36,392,10.9,3,0,0,0,0
Sean Tucker,TB,RB,0,0,0,0.0,28,118,4.2,1,3,23,7.7,0,0,0,0,0
Clayton Tune,ARI,QB,180,1,1,6.9,2,7,3.5,0,0,0,0.0,0,0,0,0,0
Cole Turner,WAS,TE,0,0,0,0.0,0,0,0.0,0,8,87,10.9,1,0,0,0,0
KaVontae Turpin,DAL,WR,0,0,0,0.0,9,56,6.2,0,11,124,11.3,1,321,0,222,0
C.J. Uzomah,FA,TE,0,0,0,0.0,0,0,0.0,0,6,58,9.7,0,0,0,0,0
Marquez Valdes-Scantling,FA,WR,0,0,0,0.0,1,5,5.0,0,22,332,15.1,2,0,0,0,0
Deuce Vaughn,DAL,RB,0,0,0,0.0,34,143,4.2,1,10,73,7.3,0,0,0,0,0
Kimani Vidal,FA,RB,0,0,0,0.0,62,258,4.2,2,9,66,7.3,0,0,0,0,0
Tristan Vizcaino,FA,K,0,0,0,0.0,0,0,0.0,0,0,0,0.0,0,0,0,0,0
Jaylen Waddle,MIA,WR,0,0,0,0.0,3,19,6.3,0,80,1099,13.7,6,0,0,0,0
Kenneth Walker,SEA,RB,0,0,0,0.0,231,970,4.2,7,29,215,7.4,1,0,0,0,0
Devontez Walker,FA,WR,0,0,0,0.0,1,9,9.0,0,44,536,12.2,4,0,0,0,0
Tylan Wallace,BAL,WR,0,0,0,0.0,1,4,4.0,0,5,64,12.8,0,69,0,53,0
Darren Waller,NYG,TE,0,0,0,0.0,0,0,0.0,0,59,636,10.8,4,0,0,0,0
Jaylen Warren,PIT,RB,0,0,0,0.0,151,664,4.4,4,45,336,7.5,2,0,0,0,0
Parker Washington,JAX,WR,0,0,0,0.0,2,10,5.0,0,30,321,10.7,2,69,0,80,0
Malik Washington,FA,WR,0,0,0,0.0,5,31,6.2,0,30,378,12.6,3,0,0,0,0
Darnell Washington,PIT,TE,0,0,0,0.0,0,0,0.0,0,15,153,10.2,1,0,0,0,0
Quez Watkins,FA,WR,0,0,0,0.0,1,5,5.0,0,14,196,14.0,1,0,0,0,0
Justin Watson,KC,WR,0,0,0,0.0,0,0,0.0,0,14,200,14.3,1,0,0,0,0
Deshaun Watson,CLE,QB,3378,21,13,6.9,77,393,5.1,4,0,0,0.0,0,0,0,0,0
Blake Watson,FA,RB,0,0,0,0.0,34,141,4.1,1,5,38,7.6,0,0,0,0,0
Christian Watson,GB,WR,0,0,0,0.0,5,26,5.2,0,54,751,13.9,6,0,0,0,0
Carson Wentz,FA,QB,202,1,1,6.5,3,13,4.3,0,0,0,0.0,0,0,0,0,0
Nick Westbrook-Ikhine,TEN,WR,0,0,0,0.0,1,4,4.0,0,14,200,14.3,1,0,0,0,0
Mike White,MIA,QB,212,1,1,7.1,2,6,3.0,0,0,0,0.0,0,0,0,0,0
Zamir White,LV,RB,0,0,0,0.0,191,784,4.1,6,30,218,7.3,1,0,0,0,0
Rachaad White,TB,RB,0,0,0,0.0,215,889,4.1,6,50,367,7.3,2,0,0,0,0
Josh Whyle,TEN,TE,0,0,0,0.0,0,0,0.0,0,22,234,10.6,1,0,0,0,0
Dontayvion Wicks,GB,WR,0,0,0,0.0,3,16,5.3,0,50,654,13.1,4,0,0,0,0
Kyren Williams,LAR,RB,0,0,0,0.0,266,1170,4.4,10,41,299,7.3,2,0,0,0,0
Jameson Williams,DET,WR,0,0,0,0.0,5,31,6.2,0,50,707,14.1,5,0,0,0,0
Javonte Williams,DEN,RB,0,0,0,0.0,209,878,4.2,6,32,232,7.3,1,0,0,0,0
Miyan WIlliams,FA,RB,0,0,0,0.0,13,53,4.1,0,2,11,5.5,0,0,0,0,0
Caleb Williams,FA,QB,3843,22,14,7.1,68,272,4.0,3,0,0,0.0,0,0,0,0,0
Jamaal Williams,NO,RB,0,0,0,0.0,94,386,4.1,2,11,76,6.9,0,0,0,0,0
Mike Williams,FA,WR,0,0,0,0.0,1,5,5.0,0,54,722,13.4,5,0,0,0,0
Malik Willis,TEN,QB,168,1,1,6.7,5,26,5.2,0,0,0,0.0,0,0,0,0,0
Garrett Wilson,NYJ,WR,0,0,0,0.0,5,31,6.2,0,98,1256,12.8,8,0,0,0,0
Zach Wilson,NYJ,QB,191,1,1,6.6,4,17,4.3,0,0,0,0.0,0,0,0,0,0
Michael Wilson,ARI,WR,0,0,0,0.0,1,5,5.0,0,46,581,12.6,4,0,0,0,0
Johnny Wilson,FA,WR,0,0,0,0.0,2,9,4.5,0,23,279,12.1,2,0,0,0,0
Roman Wilson,FA,WR,0,0,0,0.0,4,29,7.3,0,53,627,11.8,4,0,0,0,0
Emanuel Wilson,GB,RB,0,0,0,0.0,29,122,4.2,1,5,37,7.4,0,0,0,0,0
Russell Wilson,PIT,QB,3185,21,10,7.0,71,327,4.6,2,0,0,0.0,0,0,0,0,0
Jeff Wilson,MIA,RB,0,0,0,0.0,49,212,4.3,2,8,57,7.1,0,0,0,0,0
Cedrick Wilson,FA,WR,0,0,0,0.0,1,6,6.0,0,22,278,12.6,2,0,0,0,0
Jameis Winston,CLE,QB,241,2,1,7.1,4,16,4.0,0,0,0,0.0,0,0,0,0,0
Robert Woods,HOU,WR,0,0,0,0.0,1,6,6.0,0,20,204,10.2,1,0,0,0,0
Jelani Woods,IND,TE,0,0,0,0.0,0,0,0.0,0,24,265,11.0,2,0,0,0,0
Michael Woods,CLE,WR,0,0,0,0.0,1,4,4.0,0,9,119,13.2,1,0,0,0,0
Xavier Worthy,FA,WR,0,0,0,0.0,3,20,6.7,0,54,723,13.4,4,0,0,0,0
Jaylen Wright,FA,RB,0,0,0,0.0,113,475,4.2,3,18,129,7.2,1,0,0,0,0
Brock Wright,DET,TE,0,0,0,0.0,0,0,0.0,0,11,109,9.9,1,0,0,0,0
Cade York,FA,K,0,0,0,0.0,0,0,0.0,0,0,0,0.0,0,0,0,0,0
Bryce Young,CAR,QB,3471,20,14,6.6,49,227,4.6,2,0,0,0.0,0,0,0,0,0
Olamide Zaccheaus,FA,WR,0,0,0,0.0,1,5,5.0,0,11,147,13.4,1,0,0,0,0
Bailey Zappe,NE,QB,210,1,1,6.8,6,25,4.2,0,0,0,0.0,0,0,0,0,0
Greg Zuerlein,NYJ,K,0,0,0,0.0,0,0,0.0,0,0,0,0.0,0,0,0,0,0